trace,round,degree,covered,touched,narrow,soft_fill,max_width,tau,tau_published,accuracy,is_boundary,boundary_reason,progress_pct
#1 uniform,1,2,0,2,0,0.052083,1.000000,0.623382,0.612142,,0,,0.00
#1 uniform,2,2,0,3,0,0.104167,1.000000,0.660098,0.647066,,0,,0.00
#1 uniform,3,2,0,4,0,0.156250,1.000000,0.651431,0.639043,,0,,0.00
#1 uniform,4,2,0,5,0,0.208333,1.000000,0.699733,0.687371,,0,,0.00
#1 uniform,5,2,6,6,24,0.250000,0.166667,0.781242,0.767805,,0,,5.00
#1 uniform,6,2,6,6,24,0.250000,0.166667,0.804906,0.791940,,0,,5.00
#1 uniform,7,2,6,6,24,0.250000,0.166667,0.804906,0.791940,,0,,5.00
#1 uniform,8,2,6,6,24,0.250000,0.166667,0.804906,0.791940,,0,,5.00
#1 uniform,9,2,6,6,24,0.250000,0.166667,0.822498,0.807711,,0,,5.00
#1 uniform,10,2,6,6,24,0.250000,0.166667,0.813393,0.797335,,0,,5.00
#1 uniform,11,2,6,6,24,0.250000,0.166667,0.813393,0.797335,,0,,5.00
#1 uniform,12,2,6,6,24,0.250000,0.166667,0.829705,0.813583,,0,,5.00
#1 uniform,13,2,6,6,24,0.250000,0.166667,0.813547,0.797823,,0,,5.00
#1 uniform,14,2,6,6,24,0.250000,0.166667,0.801967,0.788090,,0,,5.00
#1 uniform,15,2,6,6,24,0.250000,0.166667,0.774024,0.760429,,0,,5.00
#1 uniform,16,2,10,10,24,0.416667,0.166667,0.774024,0.760429,,0,,8.33
#1 uniform,17,2,12,12,24,0.500000,0.166667,0.785696,0.768558,,0,,10.00
#1 uniform,18,2,14,14,24,0.583333,0.166667,0.774024,0.760429,,0,,11.67
#1 uniform,19,2,16,16,24,0.666667,0.166667,0.774024,0.760429,,0,,13.33
#1 uniform,20,2,17,17,24,0.708333,0.166667,0.785696,0.768558,,0,,14.17
#1 uniform,21,2,17,17,24,0.708333,0.166667,0.774024,0.760429,,0,,14.17
#1 uniform,22,2,19,19,24,0.791667,0.166667,0.845479,0.832783,,0,,15.83
#1 uniform,23,2,19,19,24,0.791667,0.166667,0.845479,0.832783,,0,,15.83
#1 uniform,24,2,20,20,24,0.833333,0.166667,0.711846,0.698494,,0,,16.67
#1 uniform,25,2,22,22,24,0.916667,0.166667,0.726788,0.714665,,0,,18.33
#1 uniform,26,2,23,23,24,0.958333,0.166667,0.711846,0.698494,,0,,19.17
#1 uniform,27,2,23,23,24,0.958333,0.166667,0.726788,0.714665,,0,,19.17
#1 uniform,28,2,23,23,24,0.958333,0.166667,0.748967,0.736240,,0,,19.17
#1 uniform,29,2,23,23,24,0.958333,0.166667,0.711846,0.698494,,0,,19.17
#1 uniform,30,2,24,24,24,1.000000,0.166667,0.711846,0.698494,0.794841,1,coverage-complete,20.00
#1 uniform,31,3,6,6,24,0.250000,0.166667,0.726788,0.714665,,0,,25.00
#1 uniform,32,3,10,10,24,0.416667,0.166667,0.910414,0.893338,,0,,28.33
#1 uniform,33,3,14,14,24,0.583333,0.166667,0.910414,0.893338,,0,,31.67
#1 uniform,34,3,18,18,24,0.750000,0.166667,0.910414,0.893338,,0,,35.00
#1 uniform,35,3,19,19,24,0.791667,0.166667,0.910414,0.893338,,0,,35.83
#1 uniform,36,3,20,20,24,0.833333,0.166667,0.910414,0.893338,,0,,36.67
#1 uniform,37,3,20,20,24,0.833333,0.166667,0.910414,0.893338,,0,,36.67
#1 uniform,38,3,21,21,24,0.875000,0.166667,0.910414,0.893338,,0,,37.50
#1 uniform,39,3,22,22,24,0.916667,0.166667,0.910414,0.893338,,0,,38.33
#1 uniform,40,3,23,23,24,0.958333,0.166667,0.910414,0.893338,,0,,39.17
#1 uniform,41,3,23,23,24,0.958333,0.083334,0.903847,0.900362,,0,,39.17
#1 uniform,42,3,23,23,24,0.958333,0.083334,0.921250,0.882409,,0,,39.17
#1 uniform,43,3,23,23,24,0.958333,0.083334,0.921250,0.882409,,0,,39.17
#1 uniform,44,3,23,23,24,0.958333,0.083334,0.885080,0.847765,,0,,39.17
#1 uniform,45,3,23,23,24,0.958333,0.083334,0.921250,0.882409,,0,,39.17
#1 uniform,46,3,23,23,24,0.958333,0.083334,0.885080,0.847765,,0,,39.17
#1 uniform,47,3,23,23,24,0.958333,0.083334,0.921250,0.882409,,0,,39.17
#1 uniform,48,3,23,23,24,0.958333,0.083334,0.885080,0.847765,,0,,39.17
#1 uniform,49,3,23,23,24,0.958333,0.083334,0.885080,0.847765,,0,,39.17
#1 uniform,50,3,23,23,24,0.958333,0.083334,0.885080,0.847765,,0,,39.17
#1 uniform,51,3,24,24,24,1.000000,0.083334,0.885080,0.847765,0.938095,1,coverage-complete,40.00
#1 uniform,52,4,7,7,24,0.291667,0.083334,0.885080,0.847765,,0,,45.83
#1 uniform,53,4,13,13,24,0.541667,0.083334,0.885080,0.847765,,0,,50.83
#1 uniform,54,4,15,15,24,0.625000,0.083334,0.921250,0.882409,,0,,52.50
#1 uniform,55,4,17,17,24,0.708333,0.083334,0.921250,0.882409,,0,,54.17
#1 uniform,56,4,19,19,24,0.791667,0.083334,0.921250,0.882409,,0,,55.83
#1 uniform,57,4,19,19,24,0.791667,0.083334,0.921250,0.882409,,0,,55.83
#1 uniform,58,4,20,20,24,0.833333,0.083235,0.921250,0.882409,,0,,56.67
#1 uniform,59,4,21,21,24,0.875000,0.083235,0.885080,0.847765,,0,,57.50
#1 uniform,60,4,22,22,24,0.916667,0.083235,0.921250,0.882409,,0,,58.33
#1 uniform,61,4,23,23,24,0.958333,0.083235,0.921250,0.882409,,0,,59.17
#1 uniform,62,4,23,23,24,0.958333,0.083234,0.885080,0.847765,,0,,59.17
#1 uniform,63,4,23,23,24,0.958333,0.083135,0.921250,0.882409,,0,,59.17
#1 uniform,64,4,24,24,24,1.000000,0.083135,0.921250,0.882409,0.938243,1,coverage-complete,60.00
#1 uniform,65,5,9,9,24,0.375000,0.083135,0.885080,0.847765,,0,,67.50
#1 uniform,66,5,13,13,24,0.541667,0.083135,0.885080,0.847765,,0,,70.83
#1 uniform,67,5,18,18,24,0.750000,0.083134,0.885080,0.847765,,0,,75.00
#1 uniform,68,5,19,19,24,0.791667,0.083134,0.885080,0.847765,,0,,75.83
#1 uniform,69,5,21,21,24,0.875000,0.083134,0.885080,0.847765,,0,,77.50
#1 uniform,70,5,21,21,24,0.875000,0.083134,0.885080,0.847765,,0,,77.50
#1 uniform,71,5,23,23,24,0.958333,0.083134,0.885080,0.847765,,0,,79.17
#1 uniform,72,5,23,23,24,0.958333,0.083134,0.885080,0.847765,,0,,79.17
#1 uniform,73,5,24,24,24,1.000000,0.083134,0.885080,0.847765,0.938243,1,coverage-complete,80.00
#1 uniform,74,6,10,10,24,0.416667,0.083134,0.885080,0.847765,,0,,88.33
#1 uniform,75,6,14,14,24,0.583333,0.083134,0.885080,0.847765,,0,,91.67
#1 uniform,76,6,21,21,24,0.875000,0.083134,0.885080,0.847765,,0,,97.50
#1 uniform,77,6,21,21,24,0.875000,0.083134,0.885080,0.847765,,0,,97.50
#1 uniform,78,6,22,22,24,0.916667,0.083134,0.885080,0.847765,,0,,98.33
#1 uniform,79,6,22,22,24,0.916667,0.083134,0.885080,0.847765,,0,,98.33
#1 uniform,80,6,24,24,24,1.000000,0.083134,0.885080,0.847765,0.938243,1,coverage-complete,100.00
#2 single-dominant,1,2,0,2,0,0.026049,1.000000,0.652951,0.649963,,0,,0.00
#2 single-dominant,2,2,0,3,0,0.052094,1.000000,0.377679,0.376372,,0,,0.00
#2 single-dominant,3,2,0,4,0,0.078138,1.000000,0.361564,0.360092,,0,,0.00
#2 single-dominant,4,2,0,5,0,0.104182,1.000000,0.335244,0.334049,,0,,0.00
#2 single-dominant,5,2,0,6,0,0.138906,1.000000,0.343545,0.342286,,0,,0.00
#2 single-dominant,6,2,0,6,0,0.156266,1.000000,0.360187,0.358704,,0,,0.00
#2 single-dominant,7,2,0,6,0,0.177965,1.000000,0.355847,0.354472,,0,,0.00
#2 single-dominant,8,2,4,6,16,0.201396,1.000000,0.352143,0.350315,,0,,3.33
#2 single-dominant,9,2,5,6,20,0.217018,1.000000,0.352143,0.350315,,0,,4.17
#2 single-dominant,10,2,5,6,20,0.217018,1.000000,0.352143,0.350315,,0,,4.17
#2 single-dominant,11,2,5,6,20,0.217018,1.000000,0.404747,0.402976,,0,,4.17
#2 single-dominant,12,2,5,6,20,0.217018,1.000000,0.361340,0.359961,,0,,4.17
#2 single-dominant,13,2,5,6,20,0.217018,1.000000,0.345706,0.344176,,0,,4.17
#2 single-dominant,14,2,5,6,20,0.217018,1.000000,0.368529,0.366915,,0,,4.17
#2 single-dominant,15,2,5,6,20,0.217018,1.000000,0.368529,0.366915,,0,,4.17
#2 single-dominant,16,2,7,10,20,0.300362,0.999901,0.502815,0.500570,,0,,5.83
#2 single-dominant,17,2,9,12,20,0.383706,0.999802,0.343344,0.342298,,0,,7.50
#2 single-dominant,18,2,11,15,20,0.467065,0.999702,0.408331,0.406778,,0,,9.17
#2 single-dominant,19,2,13,17,20,0.550398,0.999702,0.408331,0.406778,,0,,10.83
#2 single-dominant,20,2,15,19,20,0.633732,0.999702,0.389331,0.387553,,0,,12.50
#2 single-dominant,21,2,16,20,20,0.675398,0.999702,0.394532,0.393591,,0,,13.33
#2 single-dominant,22,2,18,22,20,0.758732,0.999702,0.373437,0.372565,,0,,15.00
#2 single-dominant,23,2,18,22,20,0.758747,0.999602,0.354464,0.353781,,0,,15.00
#2 single-dominant,24,2,19,23,20,0.800414,0.999602,0.354464,0.353781,,0,,15.83
#2 single-dominant,25,2,19,23,20,0.800414,0.999602,0.369630,0.368636,,0,,15.83
#2 single-dominant,26,2,20,24,20,0.842080,0.999602,0.340637,0.339652,,0,,16.67
#2 single-dominant,27,2,20,24,20,0.842080,0.999602,0.354464,0.353781,,0,,16.67
#2 single-dominant,28,2,20,24,20,0.842080,0.999602,0.340637,0.339652,,0,,16.67
#2 single-dominant,29,2,20,24,20,0.842080,0.999602,0.430143,0.427442,,0,,16.67
#2 single-dominant,30,2,20,24,20,0.842080,0.999602,0.444713,0.442640,,0,,16.67
#2 single-dominant,31,2,20,24,20,0.842080,0.999602,0.444713,0.442640,,0,,16.67
#2 single-dominant,32,2,20,24,20,0.842080,0.999602,0.430143,0.427442,,0,,16.67
#2 single-dominant,33,2,20,24,20,0.842080,0.999602,0.430143,0.427442,,0,,16.67
#2 single-dominant,34,2,20,24,20,0.842080,0.999602,0.451653,0.448816,,0,,16.67
#2 single-dominant,35,2,20,24,20,0.842080,0.999602,0.432218,0.429831,,0,,16.67
#2 single-dominant,36,2,20,24,20,0.842080,0.999602,0.452054,0.448553,,0,,16.67
#2 single-dominant,37,2,20,24,20,0.842080,0.999602,0.452054,0.448553,,0,,16.67
#2 single-dominant,38,2,20,24,20,0.842080,0.999602,0.452054,0.448553,,0,,16.67
#2 single-dominant,39,2,20,24,20,0.842385,0.998066,0.436749,0.433366,,0,,16.67
#2 single-dominant,40,2,20,24,20,0.842385,0.998066,0.436749,0.433366,,0,,16.67
#2 single-dominant,41,2,20,24,20,0.842385,0.998066,0.508627,0.504690,,0,,16.67
#2 single-dominant,42,2,20,24,20,0.842557,0.997215,0.500062,0.496192,,0,,16.67
#2 single-dominant,43,2,20,24,20,0.842557,0.997215,0.500062,0.496192,,0,,16.67
#2 single-dominant,44,2,20,24,20,0.842557,0.997216,0.500062,0.496192,,0,,16.67
#2 single-dominant,45,2,20,24,20,0.842557,0.997215,0.500062,0.496192,,0,,16.67
#2 single-dominant,46,2,20,24,20,0.842557,0.997216,0.500062,0.496192,,0,,16.67
#2 single-dominant,47,2,20,24,20,0.842557,0.997215,0.500062,0.496192,,0,,16.67
#2 single-dominant,48,2,20,24,20,0.843966,0.997216,0.500571,0.496696,,0,,16.67
#2 single-dominant,49,2,20,24,20,0.843966,0.997215,0.500571,0.496696,,0,,16.67
#2 single-dominant,50,2,20,24,20,0.843966,0.997216,0.500571,0.496696,,0,,16.67
#2 single-dominant,51,2,20,24,20,0.844300,0.997215,0.523105,0.519056,,0,,16.67
#2 single-dominant,52,2,20,24,20,0.844301,0.997216,0.553805,0.549518,,0,,16.67
#2 single-dominant,53,2,20,24,20,0.844301,0.997216,0.550182,0.545918,,0,,16.67
#2 single-dominant,54,2,20,24,20,0.844318,0.997116,0.558383,0.554061,,0,,16.67
#2 single-dominant,55,2,20,24,20,0.844318,0.997116,0.558383,0.554061,,0,,16.67
#2 single-dominant,56,2,20,24,20,0.844318,0.997116,0.558383,0.554061,,0,,16.67
#2 single-dominant,57,2,20,24,20,0.844318,0.997116,0.560218,0.555883,,0,,16.67
#2 single-dominant,58,2,20,24,20,0.844321,0.997116,0.577419,0.565377,,0,,16.67
#2 single-dominant,59,2,20,24,20,0.844322,0.997111,0.577419,0.565377,,0,,16.67
#2 single-dominant,60,2,20,24,20,0.844322,0.997111,0.577419,0.565377,,0,,16.67
#2 single-dominant,61,2,20,24,20,0.844322,0.997111,0.577419,0.565377,,0,,16.67
#2 single-dominant,62,2,20,24,20,0.844322,0.997111,0.577419,0.565377,,0,,16.67
#2 single-dominant,63,2,20,24,20,0.844322,0.997108,0.577419,0.565377,,0,,16.67
#2 single-dominant,64,2,20,24,20,0.844322,0.997108,0.577419,0.565377,,0,,16.67
#2 single-dominant,65,2,20,24,20,0.844323,0.997107,0.577419,0.565377,,0,,16.67
#2 single-dominant,66,2,20,24,20,0.844323,0.997107,0.577419,0.565377,,0,,16.67
#2 single-dominant,67,2,20,24,20,0.844323,0.997107,0.577419,0.565377,,0,,16.67
#2 single-dominant,68,2,20,24,20,0.844323,0.997107,0.577419,0.565377,,0,,16.67
#2 single-dominant,69,2,20,24,20,0.844323,0.997107,0.577419,0.565377,,0,,16.67
#2 single-dominant,70,2,20,24,20,0.844323,0.997107,0.577419,0.565377,,0,,16.67
#2 single-dominant,71,2,20,24,20,0.844323,0.997107,0.577419,0.565377,,0,,16.67
#2 single-dominant,72,2,20,24,20,0.844323,0.997107,0.577419,0.565377,,0,,16.67
#2 single-dominant,73,2,20,24,20,0.844323,0.997107,0.577419,0.565377,,0,,16.67
#2 single-dominant,74,2,20,24,20,0.844323,0.997107,0.577419,0.565377,,0,,16.67
#2 single-dominant,75,2,20,24,20,0.844323,0.997107,0.577419,0.565377,,0,,16.67
#2 single-dominant,76,2,20,24,20,0.844323,0.997107,0.577419,0.565377,,0,,16.67
#2 single-dominant,77,2,20,24,20,0.844323,0.997107,0.577419,0.565377,,0,,16.67
#2 single-dominant,78,2,20,24,20,0.844323,0.997107,0.577419,0.565377,,0,,16.67
#2 single-dominant,79,2,20,24,20,0.844323,0.997107,0.577419,0.565377,,0,,16.67
#2 single-dominant,80,2,20,24,20,0.844323,0.997107,0.577419,0.565377,,0,,16.67
#2 single-dominant,81,2,20,24,20,0.844323,0.997107,0.577419,0.565377,,0,,16.67
#2 single-dominant,82,2,20,24,20,0.844323,0.997107,0.577419,0.565377,,0,,16.67
#2 single-dominant,83,2,20,24,20,0.844323,0.997107,0.577419,0.565377,,0,,16.67
#2 single-dominant,84,2,20,24,20,0.845921,0.997107,0.617757,0.604874,,0,,16.67
#2 single-dominant,85,2,20,24,20,0.845940,0.997007,0.607904,0.595226,,0,,16.67
#2 single-dominant,86,2,20,24,20,0.845940,0.997007,0.607904,0.595226,,0,,16.67
#2 single-dominant,87,2,20,24,20,0.847420,0.997007,0.658716,0.644916,,0,,16.67
#2 single-dominant,88,2,20,24,20,0.847420,0.997007,0.658716,0.644916,,0,,16.67
#2 single-dominant,89,2,20,24,20,0.848793,0.997007,0.683569,0.669248,,0,,16.67
#2 single-dominant,90,2,20,24,20,0.848793,0.997007,0.683569,0.669248,0.731079,0,,16.67
#3 zero-weight-criterion,1,2,0,2,0,0.052083,1.000000,0.534598,0.531759,,0,,0.00
#3 zero-weight-criterion,2,2,0,3,0,0.104167,1.000000,0.586469,0.583258,,0,,0.00
#3 zero-weight-criterion,3,2,0,4,0,0.156250,1.000000,0.614760,0.611429,,0,,0.00
#3 zero-weight-criterion,4,2,0,5,0,0.208333,1.000000,0.680525,0.677166,,0,,0.00
#3 zero-weight-criterion,5,2,6,6,9,0.250000,0.200001,0.608902,0.605776,,0,,5.00
#3 zero-weight-criterion,6,2,6,6,9,0.250000,0.200001,0.608902,0.605776,,0,,5.00
#3 zero-weight-criterion,7,2,6,6,9,0.250000,0.200001,0.630523,0.627419,,0,,5.00
#3 zero-weight-criterion,8,2,6,6,9,0.250000,0.200000,0.608902,0.605776,,0,,5.00
#3 zero-weight-criterion,9,2,6,6,9,0.250000,0.200000,0.630523,0.627419,,0,,5.00
#3 zero-weight-criterion,10,2,6,6,9,0.250000,0.200000,0.630523,0.627419,,0,,5.00
#3 zero-weight-criterion,11,2,6,6,9,0.250000,0.200000,0.630523,0.627419,,0,,5.00
#3 zero-weight-criterion,12,2,6,6,9,0.250000,0.200000,0.629216,0.626456,,0,,5.00
#3 zero-weight-criterion,13,2,6,6,9,0.250000,0.200000,0.629216,0.626456,,0,,5.00
#3 zero-weight-criterion,14,2,6,6,9,0.250000,0.200000,0.629216,0.626456,,0,,5.00
#3 zero-weight-criterion,15,2,6,6,9,0.250000,0.200000,0.630523,0.627419,,0,,5.00
#3 zero-weight-criterion,16,2,6,10,9,0.416667,0.200000,0.627293,0.624541,,0,,5.00
#3 zero-weight-criterion,17,2,6,13,9,0.541667,0.200000,0.608902,0.605776,,0,,5.00
#3 zero-weight-criterion,18,2,6,13,9,0.541667,0.200000,0.654087,0.652023,,0,,5.00
#3 zero-weight-criterion,19,2,6,15,9,0.625000,0.200000,0.564362,0.561405,,0,,5.00
#3 zero-weight-criterion,20,2,6,16,9,0.666667,0.200000,0.586877,0.584177,,0,,5.00
#3 zero-weight-criterion,21,2,6,18,9,0.750000,0.200000,0.586877,0.584177,,0,,5.00
#3 zero-weight-criterion,22,2,6,19,9,0.791667,0.200000,0.763908,0.759943,,0,,5.00
#3 zero-weight-criterion,23,2,6,19,9,0.791667,0.200000,0.763908,0.759943,,0,,5.00
#3 zero-weight-criterion,24,2,6,20,9,0.833333,0.200000,0.763908,0.759943,,0,,5.00
#3 zero-weight-criterion,25,2,6,20,9,0.833333,0.200000,0.591290,0.587872,,0,,5.00
#3 zero-weight-criterion,26,2,6,20,9,0.833333,0.200000,0.591290,0.587872,,0,,5.00
#3 zero-weight-criterion,27,2,6,20,9,0.833333,0.200000,0.763908,0.759943,,0,,5.00
#3 zero-weight-criterion,28,2,6,20,9,0.833333,0.200000,0.763908,0.759943,,0,,5.00
#3 zero-weight-criterion,29,2,6,20,9,0.833333,0.200000,0.763908,0.759943,,0,,5.00
#3 zero-weight-criterion,30,2,6,20,9,0.833333,0.200000,0.584392,0.582044,,0,,5.00
#3 zero-weight-criterion,31,2,6,21,9,0.875000,0.200000,0.554082,0.550884,,0,,5.00
#3 zero-weight-criterion,32,2,6,21,9,0.875000,0.200000,0.554082,0.550884,,0,,5.00
#3 zero-weight-criterion,33,2,22,22,24,0.916667,0.199802,0.733145,0.728916,,0,,18.33
#3 zero-weight-criterion,34,2,24,24,24,1.000000,0.199802,0.723750,0.719580,0.802508,1,coverage-complete,20.00
#3 zero-weight-criterion,35,3,4,4,24,0.166667,0.199802,0.697930,0.693909,,0,,23.33
#3 zero-weight-criterion,36,3,9,9,24,0.375000,0.199802,0.763672,0.759275,,0,,27.50
#3 zero-weight-criterion,37,3,9,9,24,0.375000,0.199703,0.723750,0.719580,,0,,27.50
#3 zero-weight-criterion,38,3,11,11,24,0.458333,0.199703,0.697930,0.693909,,0,,29.17
#3 zero-weight-criterion,39,3,13,13,24,0.541667,0.199603,0.698792,0.694769,,0,,30.83
#3 zero-weight-criterion,40,3,14,14,24,0.583333,0.166583,0.700437,0.691842,,0,,31.67
#3 zero-weight-criterion,41,3,16,16,24,0.666667,0.166584,0.700437,0.691842,,0,,33.33
#3 zero-weight-criterion,42,3,17,17,24,0.708333,0.166583,0.726641,0.717725,,0,,34.17
#3 zero-weight-criterion,43,3,18,18,24,0.750000,0.166583,0.700437,0.691842,,0,,35.00
#3 zero-weight-criterion,44,3,19,19,24,0.791667,0.166583,0.726641,0.717725,,0,,35.83
#3 zero-weight-criterion,45,3,20,20,24,0.833333,0.166583,0.642335,0.634454,,0,,36.67
#3 zero-weight-criterion,46,3,23,23,24,0.958333,0.166583,0.905778,0.894664,,0,,39.17
#3 zero-weight-criterion,47,3,23,23,24,0.958333,0.166583,0.700437,0.691842,,0,,39.17
#3 zero-weight-criterion,48,3,23,23,24,0.958333,0.166583,0.700437,0.691842,,0,,39.17
#3 zero-weight-criterion,49,3,24,24,24,1.000000,0.166583,0.905778,0.894664,0.914269,1,coverage-complete,40.00
#3 zero-weight-criterion,50,4,8,8,24,0.333333,0.166584,0.687724,0.684752,,0,,46.67
#3 zero-weight-criterion,51,4,13,13,24,0.541667,0.166501,0.717620,0.708815,,0,,50.83
#3 zero-weight-criterion,52,4,16,16,24,0.666667,0.166501,0.719672,0.706603,,0,,53.33
#3 zero-weight-criterion,53,4,19,19,24,0.791667,0.166501,0.719672,0.706603,,0,,55.83
#3 zero-weight-criterion,54,4,20,20,24,0.833333,0.166501,0.717620,0.708815,,0,,56.67
#3 zero-weight-criterion,55,4,20,20,24,0.833333,0.166501,0.719672,0.706603,,0,,56.67
#3 zero-weight-criterion,56,4,20,20,24,0.833333,0.166501,0.717620,0.708815,,0,,56.67
#3 zero-weight-criterion,57,4,20,20,24,0.833333,0.166418,0.880862,0.870054,,0,,56.67
#3 zero-weight-criterion,58,4,22,22,24,0.916667,0.099802,0.880862,0.870054,,0,,58.33
#3 zero-weight-criterion,59,4,24,24,24,1.000000,0.099801,0.880862,0.870054,0.933466,1,coverage-complete,60.00
#3 zero-weight-criterion,60,5,6,6,24,0.250000,0.099801,0.880862,0.870054,,0,,65.00
#3 zero-weight-criterion,61,5,13,13,24,0.541667,0.099801,0.880862,0.870054,,0,,70.83
#3 zero-weight-criterion,62,5,19,19,24,0.791667,0.099801,0.880862,0.870054,,0,,75.83
#3 zero-weight-criterion,63,5,21,21,24,0.875000,0.099801,0.880862,0.870054,,0,,77.50
#3 zero-weight-criterion,64,5,22,22,24,0.916667,0.099801,0.880862,0.870054,,0,,78.33
#3 zero-weight-criterion,65,5,23,23,24,0.958333,0.099801,0.880862,0.870054,,0,,79.17
#3 zero-weight-criterion,66,5,24,24,24,1.000000,0.099801,0.876175,0.875238,0.933466,1,coverage-complete,80.00
#3 zero-weight-criterion,67,6,12,12,24,0.500000,0.099801,0.880862,0.870054,,0,,90.00
#3 zero-weight-criterion,68,6,17,17,24,0.708333,0.099801,0.876528,0.874842,,0,,94.17
#3 zero-weight-criterion,69,6,21,21,24,0.875000,0.099801,0.876793,0.874545,,0,,97.50
#3 zero-weight-criterion,70,6,21,21,24,0.875000,0.099801,0.877766,0.873459,,0,,97.50
#3 zero-weight-criterion,71,6,24,24,24,1.000000,0.099801,0.880862,0.870054,0.933466,1,coverage-complete,100.00
#4 linear-control,1,2,0,2,0,0.026049,1.000000,0.655495,0.655026,,0,,0.00
#4 linear-control,2,2,0,3,0,0.052094,1.000000,0.606992,0.606743,,0,,0.00
#4 linear-control,3,2,0,4,0,0.078138,1.000000,0.574800,0.574565,,0,,0.00
#4 linear-control,4,2,0,5,0,0.104182,1.000000,0.454109,0.453784,,0,,0.00
#4 linear-control,5,2,0,6,0,0.138906,1.000000,0.453665,0.453317,,0,,0.00
#4 linear-control,6,2,0,6,0,0.147608,0.999901,0.482596,0.482424,,0,,0.00
#4 linear-control,7,2,0,6,0,0.156290,0.999900,0.444316,0.444179,,0,,0.00
#4 linear-control,8,2,0,6,0,0.164971,0.999900,0.464722,0.464509,,0,,0.00
#4 linear-control,9,2,0,6,0,0.173653,0.999900,0.517885,0.517436,,0,,0.00
#4 linear-control,10,2,0,6,0,0.178023,0.999702,0.444026,0.443868,,0,,0.00
#4 linear-control,11,2,0,6,0,0.182365,0.999701,0.453941,0.453756,,0,,0.00
#4 linear-control,12,2,0,6,0,0.186707,0.999701,0.446603,0.446375,,0,,0.00
#4 linear-control,13,2,2,6,8,0.191900,0.999701,0.433114,0.432893,,0,,1.67
#4 linear-control,14,2,3,6,12,0.194539,0.999304,0.417708,0.417538,,0,,2.50
#4 linear-control,15,2,3,6,12,0.194540,0.999302,0.429483,0.429329,,0,,2.50
#4 linear-control,16,2,3,10,12,0.246732,0.999203,0.464531,0.464436,,0,,2.50
#4 linear-control,17,2,3,13,12,0.316251,0.999103,0.608419,0.608264,,0,,2.50
#4 linear-control,18,2,5,15,12,0.399600,0.999003,0.437388,0.437344,,0,,4.17
#4 linear-control,19,2,6,17,12,0.467337,0.999003,0.623905,0.623905,,0,,5.00
#4 linear-control,20,2,8,19,12,0.550701,0.998903,0.612660,0.612660,,0,,6.67
#4 linear-control,21,2,9,21,12,0.627114,0.998903,0.632920,0.632727,,0,,7.50
#4 linear-control,22,2,9,21,12,0.627130,0.998903,0.669982,0.669880,,0,,7.50
#4 linear-control,23,2,9,21,12,0.627146,0.998902,0.518776,0.518776,,0,,7.50
#4 linear-control,24,2,9,21,12,0.627161,0.998802,0.667084,0.666949,,0,,7.50
#4 linear-control,25,2,9,21,12,0.627182,0.998702,0.593418,0.593327,,0,,7.50
#4 linear-control,26,2,11,23,12,0.710557,0.998603,0.605030,0.604968,,0,,9.17
#4 linear-control,27,2,11,23,12,0.710606,0.998503,0.600141,0.600141,,0,,9.17
#4 linear-control,28,2,12,24,12,0.752367,0.998204,0.650234,0.650168,,0,,10.00
#4 linear-control,29,2,12,24,12,0.752370,0.998205,0.594435,0.594345,,0,,10.00
#4 linear-control,30,2,12,24,12,0.752370,0.998205,0.586573,0.586543,,0,,10.00
#4 linear-control,31,2,12,24,12,0.752404,0.998105,0.613345,0.613283,,0,,10.00
#4 linear-control,32,2,12,24,12,0.754882,0.998105,0.633421,0.633421,,0,,10.00
#4 linear-control,33,2,12,24,12,0.754940,0.997906,0.565918,0.565860,,0,,10.00
#4 linear-control,34,2,12,24,12,0.755000,0.997806,0.601414,0.601353,,0,,10.00
#4 linear-control,35,2,12,24,12,0.756907,0.997706,0.599650,0.599650,,0,,10.00
#4 linear-control,36,2,12,24,12,0.756995,0.997404,0.606012,0.605950,,0,,10.00
#4 linear-control,37,2,12,24,12,0.756995,0.997404,0.735765,0.735653,,0,,10.00
#4 linear-control,38,2,12,24,12,0.757012,0.997304,0.611108,0.611108,,0,,10.00
#4 linear-control,39,2,12,24,12,0.757012,0.997304,0.533092,0.533092,,0,,10.00
#4 linear-control,40,2,12,24,12,0.757012,0.997304,0.592894,0.592894,,0,,10.00
#4 linear-control,41,2,13,24,13,0.759583,0.997304,0.589550,0.589490,,0,,10.83
#4 linear-control,42,2,13,24,13,0.759583,0.997304,0.671222,0.671222,,0,,10.83
#4 linear-control,43,2,13,24,13,0.759583,0.997304,0.676697,0.676663,,0,,10.83
#4 linear-control,44,2,13,24,13,0.759583,0.997304,0.689276,0.689241,,0,,10.83
#4 linear-control,45,2,13,24,13,0.759647,0.997105,0.665475,0.665442,,0,,10.83
#4 linear-control,46,2,13,24,13,0.759763,0.996806,0.597478,0.597478,,0,,10.83
#4 linear-control,47,2,13,24,13,0.759763,0.996806,0.668052,0.668018,,0,,10.83
#4 linear-control,48,2,13,24,13,0.759763,0.996806,0.592017,0.591987,,0,,10.83
#4 linear-control,49,2,13,24,13,0.759971,0.996207,0.633523,0.633523,,0,,10.83
#4 linear-control,50,2,13,24,13,0.760242,0.995407,0.598459,0.598459,,0,,10.83
#4 linear-control,51,2,13,24,13,0.760330,0.995108,0.629588,0.629588,,0,,10.83
#4 linear-control,52,2,13,24,13,0.760383,0.995007,0.634505,0.634505,,0,,10.83
#4 linear-control,53,2,13,24,13,0.760594,0.994508,0.734248,0.734248,,0,,10.83
#4 linear-control,54,2,13,24,13,0.782546,0.994507,0.708943,0.708907,,0,,10.83
#4 linear-control,55,2,13,24,13,0.783899,0.994308,0.675867,0.675867,,0,,10.83
#4 linear-control,56,2,13,24,13,0.783899,0.994308,0.700107,0.700107,,0,,10.83
#4 linear-control,57,2,13,24,13,0.783899,0.994308,0.729588,0.729551,,0,,10.83
#4 linear-control,58,2,13,24,13,0.783899,0.994308,0.683444,0.683409,,0,,10.83
#4 linear-control,59,2,13,24,13,0.784295,0.994308,0.701993,0.701957,,0,,10.83
#4 linear-control,60,2,13,24,13,0.784295,0.994308,0.699835,0.699835,,0,,10.83
#4 linear-control,61,2,13,24,13,0.784305,0.994308,0.695974,0.695903,,0,,10.83
#4 linear-control,62,2,13,24,13,0.784305,0.994308,0.696110,0.696039,,0,,10.83
#4 linear-control,63,2,13,24,13,0.784305,0.994308,0.725509,0.725435,,0,,10.83
#4 linear-control,64,2,14,24,14,0.798077,0.993808,0.700688,0.700617,,0,,11.67
#4 linear-control,65,2,14,24,14,0.798077,0.993808,0.711606,0.711533,,0,,11.67
#4 linear-control,66,2,14,24,14,0.798079,0.993808,0.768534,0.768417,,0,,11.67
#4 linear-control,67,2,14,24,14,0.799684,0.993510,0.841858,0.841773,,0,,11.67
#4 linear-control,68,2,14,24,14,0.801781,0.993508,0.776302,0.776223,,0,,11.67
#4 linear-control,69,2,14,24,14,0.803186,0.993508,0.779280,0.779081,,0,,11.67
#4 linear-control,70,2,14,24,14,0.803187,0.993508,0.765020,0.764786,,0,,11.67
#4 linear-control,71,2,14,24,14,0.803189,0.993509,0.794368,0.794207,,0,,11.67
#4 linear-control,72,2,14,24,14,0.803190,0.993509,0.770765,0.770647,,0,,11.67
#4 linear-control,73,2,14,24,14,0.803190,0.993508,0.801223,0.801101,,0,,11.67
#4 linear-control,74,2,14,24,14,0.803190,0.993509,0.801223,0.801101,,0,,11.67
#4 linear-control,75,2,14,24,14,0.803190,0.993508,0.786420,0.786260,,0,,11.67
#4 linear-control,76,2,14,24,14,0.803912,0.993309,0.859903,0.859728,,0,,11.67
#4 linear-control,77,2,14,24,14,0.803912,0.993309,0.798240,0.798078,,0,,11.67
#4 linear-control,78,2,14,24,14,0.803912,0.993309,0.779353,0.779195,,0,,11.67
#4 linear-control,79,2,14,24,14,0.803912,0.993309,0.795126,0.794964,,0,,11.67
#4 linear-control,80,2,14,24,14,0.803912,0.993309,0.779483,0.779364,,0,,11.67
#4 linear-control,81,2,14,24,14,0.803912,0.993309,0.781263,0.781104,,0,,11.67
#4 linear-control,82,2,14,24,14,0.803912,0.993309,0.779483,0.779364,,0,,11.67
#4 linear-control,83,2,14,24,14,0.803912,0.993309,0.864538,0.864274,,0,,11.67
#4 linear-control,84,2,16,24,16,0.817569,0.993309,0.791792,0.791672,,0,,13.33
#4 linear-control,85,2,16,24,16,0.818232,0.993308,0.800746,0.800583,,0,,13.33
#4 linear-control,86,2,16,24,16,0.818232,0.993308,0.906271,0.906040,,0,,13.33
#4 linear-control,87,2,16,24,16,0.819266,0.992614,0.899246,0.898605,,0,,13.33
#4 linear-control,88,2,17,24,17,0.820987,0.992416,0.914754,0.914103,,0,,14.17
#4 linear-control,89,2,17,24,17,0.820989,0.992410,0.907863,0.907632,,0,,14.17
#4 linear-control,90,2,17,24,17,0.821317,0.992409,0.924720,0.924062,0.688324,0,,14.17
#5 front-loaded,1,2,0,2,0,0.026049,1.000000,0.551838,0.551811,,0,,0.00
#5 front-loaded,2,2,0,3,0,0.052094,1.000000,0.433643,0.433621,,0,,0.00
#5 front-loaded,3,2,0,4,0,0.078138,1.000000,0.363297,0.363279,,0,,0.00
#5 front-loaded,4,2,0,5,0,0.104182,1.000000,0.321209,0.321209,,0,,0.00
#5 front-loaded,5,2,0,6,0,0.138906,1.000000,0.343284,0.343284,,0,,0.00
#5 front-loaded,6,2,0,6,0,0.147608,0.999901,0.350604,0.350604,,0,,0.00
#5 front-loaded,7,2,0,6,0,0.156290,0.999900,0.276513,0.276513,,0,,0.00
#5 front-loaded,8,2,0,6,0,0.164971,0.999900,0.311956,0.311956,,0,,0.00
#5 front-loaded,9,2,0,6,0,0.173653,0.999900,0.315577,0.315561,,0,,0.00
#5 front-loaded,10,2,0,6,0,0.178023,0.999702,0.282697,0.282683,,0,,0.00
#5 front-loaded,11,2,0,6,0,0.182365,0.999701,0.255426,0.255400,,0,,0.00
#5 front-loaded,12,2,0,6,0,0.186707,0.999701,0.240199,0.240175,,0,,0.00
#5 front-loaded,13,2,2,6,8,0.191900,0.999701,0.230305,0.230293,,0,,1.67
#5 front-loaded,14,2,3,6,12,0.194539,0.999304,0.212566,0.212555,,0,,2.50
#5 front-loaded,15,2,3,6,12,0.194540,0.999302,0.199517,0.199496,,0,,2.50
#5 front-loaded,16,2,3,10,12,0.246732,0.999203,0.220991,0.220968,,0,,2.50
#5 front-loaded,17,2,3,13,12,0.316251,0.999103,0.400161,0.400161,,0,,2.50
#5 front-loaded,18,2,5,15,12,0.399600,0.999003,0.204489,0.204479,,0,,4.17
#5 front-loaded,19,2,6,17,12,0.467337,0.999003,0.524081,0.524081,,0,,5.00
#5 front-loaded,20,2,8,19,12,0.550701,0.998903,0.487642,0.487642,,0,,6.67
#5 front-loaded,21,2,9,21,12,0.627114,0.998903,0.381848,0.381848,,0,,7.50
#5 front-loaded,22,2,9,21,12,0.627130,0.998903,0.524410,0.524410,,0,,7.50
#5 front-loaded,23,2,9,21,12,0.627146,0.998902,0.342032,0.342032,,0,,7.50
#5 front-loaded,24,2,9,21,12,0.627161,0.998802,0.434437,0.434437,,0,,7.50
#5 front-loaded,25,2,9,21,12,0.627182,0.998702,0.399678,0.399678,,0,,7.50
#5 front-loaded,26,2,11,23,12,0.710557,0.998603,0.400040,0.400040,,0,,9.17
#5 front-loaded,27,2,11,23,12,0.710606,0.998503,0.485918,0.485918,,0,,9.17
#5 front-loaded,28,2,12,24,12,0.752367,0.998204,0.437410,0.437410,,0,,10.00
#5 front-loaded,29,2,12,24,12,0.752497,0.997905,0.462227,0.462227,,0,,10.00
#5 front-loaded,30,2,12,24,12,0.752560,0.997705,0.505632,0.505632,,0,,10.00
#5 front-loaded,31,2,12,24,12,0.752560,0.997705,0.482894,0.482894,,0,,10.00
#5 front-loaded,32,2,12,24,12,0.752606,0.997606,0.457075,0.457075,,0,,10.00
#5 front-loaded,33,2,12,24,12,0.752664,0.997506,0.494468,0.494444,,0,,10.00
#5 front-loaded,34,2,12,24,12,0.752674,0.997506,0.496216,0.496216,,0,,10.00
#5 front-loaded,35,2,12,24,12,0.752674,0.997506,0.507933,0.507933,,0,,10.00
#5 front-loaded,36,2,12,24,12,0.752945,0.996805,0.488297,0.488297,,0,,10.00
#5 front-loaded,37,2,12,24,12,0.752945,0.996805,0.596475,0.596475,,0,,10.00
#5 front-loaded,38,2,12,24,12,0.752956,0.996705,0.493890,0.493890,,0,,10.00
#5 front-loaded,39,2,12,24,12,0.752956,0.996705,0.544339,0.544339,,0,,10.00
#5 front-loaded,40,2,12,24,12,0.752971,0.996605,0.522590,0.522590,,0,,10.00
#5 front-loaded,41,2,12,24,12,0.752971,0.996605,0.533900,0.533900,,0,,10.00
#5 front-loaded,42,2,12,24,12,0.752971,0.996605,0.567413,0.567413,,0,,10.00
#5 front-loaded,43,2,12,24,12,0.752971,0.996605,0.566968,0.566968,,0,,10.00
#5 front-loaded,44,2,12,24,12,0.752971,0.996605,0.624692,0.624692,,0,,10.00
#5 front-loaded,45,2,12,24,12,0.752971,0.996605,0.550784,0.550784,,0,,10.00
#5 front-loaded,46,2,12,24,12,0.752971,0.996605,0.553692,0.553692,,0,,10.00
#5 front-loaded,47,2,12,24,12,0.752971,0.996605,0.555209,0.555209,,0,,10.00
#5 front-loaded,48,2,12,24,12,0.753046,0.996405,0.605079,0.605079,,0,,10.00
#5 front-loaded,49,2,12,24,12,0.753046,0.996405,0.588667,0.588667,,0,,10.00
#5 front-loaded,50,2,12,24,12,0.753046,0.996405,0.600548,0.600548,,0,,10.00
#5 front-loaded,51,2,12,24,12,0.753150,0.996105,0.584674,0.584674,,0,,10.00
#5 front-loaded,52,2,12,24,12,0.753150,0.996105,0.612491,0.612491,,0,,10.00
#5 front-loaded,53,2,12,24,12,0.753150,0.996105,0.591654,0.591654,,0,,10.00
#5 front-loaded,54,2,12,24,12,0.753150,0.996105,0.632905,0.632905,,0,,10.00
#5 front-loaded,55,2,12,24,12,0.753600,0.994808,0.617458,0.617458,,0,,10.00
#5 front-loaded,56,2,12,24,12,0.753600,0.994808,0.622621,0.622621,,0,,10.00
#5 front-loaded,57,2,12,24,12,0.753682,0.994609,0.597954,0.597954,,0,,10.00
#5 front-loaded,58,2,12,24,12,0.753682,0.994609,0.622923,0.622923,,0,,10.00
#5 front-loaded,59,2,12,24,12,0.753682,0.994609,0.594690,0.594690,,0,,10.00
#5 front-loaded,60,2,12,24,12,0.753733,0.994510,0.603545,0.603545,,0,,10.00
#5 front-loaded,61,2,12,24,12,0.753900,0.994010,0.618765,0.618765,,0,,10.00
#5 front-loaded,62,2,12,24,12,0.753900,0.994010,0.596027,0.596027,,0,,10.00
#5 front-loaded,63,2,12,24,12,0.753900,0.994010,0.590779,0.590779,,0,,10.00
#5 front-loaded,64,2,12,24,12,0.753900,0.994010,0.612491,0.612491,,0,,10.00
#5 front-loaded,65,2,12,24,12,0.753900,0.994010,0.646449,0.646449,,0,,10.00
#5 front-loaded,66,2,12,24,12,0.753901,0.994010,0.613602,0.613602,,0,,10.00
#5 front-loaded,67,2,12,24,12,0.753901,0.994010,0.615713,0.615713,,0,,10.00
#5 front-loaded,68,2,12,24,12,0.753992,0.993763,0.641891,0.641891,,0,,10.00
#5 front-loaded,69,2,12,24,12,0.753992,0.993762,0.596274,0.596274,,0,,10.00
#5 front-loaded,70,2,12,24,12,0.753992,0.993763,0.580895,0.580895,,0,,10.00
#5 front-loaded,71,2,12,24,12,0.760071,0.993763,0.632243,0.632243,,0,,10.00
#5 front-loaded,72,2,12,24,12,0.760241,0.993263,0.655904,0.655904,,0,,10.00
#5 front-loaded,73,2,12,24,12,0.760241,0.993263,0.659359,0.659359,,0,,10.00
#5 front-loaded,74,2,12,24,12,0.760369,0.993014,0.654163,0.654163,,0,,10.00
#5 front-loaded,75,2,12,24,12,0.760369,0.993014,0.651280,0.651280,,0,,10.00
#5 front-loaded,76,2,12,24,12,0.760369,0.993014,0.669382,0.669382,,0,,10.00
#5 front-loaded,77,2,12,24,12,0.760369,0.993014,0.655302,0.655302,,0,,10.00
#5 front-loaded,78,2,12,24,12,0.760371,0.993014,0.662309,0.662309,,0,,10.00
#5 front-loaded,79,2,12,24,12,0.767648,0.945167,0.659997,0.659997,,0,,10.00
#5 front-loaded,80,2,12,24,12,0.770333,0.944782,0.766585,0.766585,,0,,10.00
#5 front-loaded,81,2,12,24,12,0.770333,0.944782,0.705752,0.705752,,0,,10.00
#5 front-loaded,82,2,12,24,12,0.770363,0.944733,0.693348,0.693348,,0,,10.00
#5 front-loaded,83,2,12,24,12,0.770363,0.944733,0.755656,0.755656,,0,,10.00
#5 front-loaded,84,2,12,24,12,0.770363,0.944733,0.732936,0.732936,,0,,10.00
#5 front-loaded,85,2,12,24,12,0.770369,0.944700,0.787269,0.787269,,0,,10.00
#5 front-loaded,86,2,12,24,12,0.770370,0.944690,0.708766,0.708766,,0,,10.00
#5 front-loaded,87,2,12,24,12,0.770749,0.944640,0.743521,0.743521,,0,,10.00
#5 front-loaded,88,2,12,24,12,0.770750,0.944635,0.795384,0.795384,,0,,10.00
#5 front-loaded,89,2,12,24,12,0.770750,0.944635,0.748856,0.748856,,0,,10.00
#5 front-loaded,90,2,12,24,12,0.770750,0.944635,0.686308,0.686308,0.622265,0,,10.00
#6 back-loaded,1,2,0,2,0,0.026049,1.000000,0.348279,0.348279,,0,,0.00
#6 back-loaded,2,2,0,3,0,0.052094,1.000000,0.516860,0.516808,,0,,0.00
#6 back-loaded,3,2,0,4,0,0.078138,1.000000,0.636583,0.636583,,0,,0.00
#6 back-loaded,4,2,0,5,0,0.104182,1.000000,0.472365,0.472317,,0,,0.00
#6 back-loaded,5,2,0,6,0,0.138906,1.000000,0.448093,0.448048,,0,,0.00
#6 back-loaded,6,2,0,6,0,0.147608,0.999901,0.487871,0.487797,,0,,0.00
#6 back-loaded,7,2,0,6,0,0.156290,0.999900,0.572853,0.572795,,0,,0.00
#6 back-loaded,8,2,0,6,0,0.164971,0.999900,0.510730,0.510679,,0,,0.00
#6 back-loaded,9,2,0,6,0,0.173653,0.999900,0.636831,0.636798,,0,,0.00
#6 back-loaded,10,2,0,6,0,0.178023,0.999702,0.563157,0.563157,,0,,0.00
#6 back-loaded,11,2,0,6,0,0.182365,0.999701,0.616216,0.616185,,0,,0.00
#6 back-loaded,12,2,0,6,0,0.186707,0.999701,0.716921,0.716849,,0,,0.00
#6 back-loaded,13,2,2,6,8,0.191900,0.999701,0.723378,0.723342,,0,,1.67
#6 back-loaded,14,2,3,6,12,0.194539,0.999304,0.719778,0.719742,,0,,2.50
#6 back-loaded,15,2,3,6,12,0.194540,0.999302,0.808161,0.808080,,0,,2.50
#6 back-loaded,16,2,3,10,12,0.246732,0.999203,0.785530,0.785450,,0,,2.50
#6 back-loaded,17,2,3,13,12,0.316251,0.999103,0.507666,0.507641,,0,,2.50
#6 back-loaded,18,2,5,15,12,0.399600,0.999003,0.705725,0.705690,,0,,4.17
#6 back-loaded,19,2,6,17,12,0.467337,0.999003,0.418661,0.418661,,0,,5.00
#6 back-loaded,20,2,8,19,12,0.550701,0.998903,0.449850,0.449850,,0,,6.67
#6 back-loaded,21,2,9,21,12,0.627114,0.998903,0.595510,0.595480,,0,,7.50
#6 back-loaded,22,2,9,21,12,0.627130,0.998903,0.487682,0.487658,,0,,7.50
#6 back-loaded,23,2,9,21,12,0.627146,0.998902,0.564069,0.564069,,0,,7.50
#6 back-loaded,24,2,9,21,12,0.627187,0.998803,0.478141,0.478141,,0,,7.50
#6 back-loaded,25,2,9,21,12,0.627187,0.998803,0.586590,0.586590,,0,,7.50
#6 back-loaded,26,2,9,21,12,0.627243,0.998703,0.605315,0.605284,,0,,7.50
#6 back-loaded,27,2,11,23,12,0.710625,0.998603,0.514165,0.514165,,0,,9.17
#6 back-loaded,28,2,11,23,12,0.710670,0.998503,0.500453,0.500453,,0,,9.17
#6 back-loaded,29,2,11,23,12,0.710763,0.998303,0.583625,0.583625,,0,,9.17
#6 back-loaded,30,2,12,24,12,0.752544,0.998004,0.577416,0.577416,,0,,10.00
#6 back-loaded,31,2,13,24,13,0.759447,0.998003,0.511382,0.511382,,0,,10.83
#6 back-loaded,32,2,13,24,13,0.759447,0.998003,0.512814,0.512814,,0,,10.83
#6 back-loaded,33,2,13,24,13,0.759447,0.998003,0.577387,0.577387,,0,,10.83
#6 back-loaded,34,2,13,24,13,0.759447,0.998003,0.549232,0.549232,,0,,10.83
#6 back-loaded,35,2,13,24,13,0.759479,0.997804,0.529541,0.529541,,0,,10.83
#6 back-loaded,36,2,13,24,13,0.759479,0.997803,0.512840,0.512840,,0,,10.83
#6 back-loaded,37,2,13,24,13,0.759479,0.997803,0.531489,0.531489,,0,,10.83
#6 back-loaded,38,2,13,24,13,0.759999,0.996307,0.496177,0.496177,,0,,10.83
#6 back-loaded,39,2,13,24,13,0.759999,0.996306,0.571393,0.571393,,0,,10.83
#6 back-loaded,40,2,13,24,13,0.760021,0.996305,0.524881,0.524881,,0,,10.83
#6 back-loaded,41,2,13,24,13,0.760045,0.996306,0.473488,0.473488,,0,,10.83
#6 back-loaded,42,2,14,24,14,0.771299,0.996105,0.536281,0.536281,,0,,11.67
#6 back-loaded,43,2,14,24,14,0.771304,0.996105,0.523933,0.523933,,0,,11.67
#6 back-loaded,44,2,16,24,16,0.816389,0.995705,0.655634,0.655634,,0,,13.33
#6 back-loaded,45,2,16,24,16,0.816395,0.995705,0.553247,0.553247,,0,,13.33
#6 back-loaded,46,2,16,24,16,0.816866,0.995605,0.491914,0.491914,,0,,13.33
#6 back-loaded,47,2,16,24,16,0.816866,0.995605,0.569481,0.569481,,0,,13.33
#6 back-loaded,48,2,16,24,16,0.816870,0.995605,0.727031,0.727031,,0,,13.33
#6 back-loaded,49,2,16,24,16,0.816980,0.995206,0.527502,0.527502,,0,,13.33
#6 back-loaded,50,2,16,24,16,0.816980,0.995206,0.510224,0.510224,,0,,13.33
#6 back-loaded,51,2,16,24,16,0.816980,0.995206,0.558040,0.558040,,0,,13.33
#6 back-loaded,52,2,19,24,19,0.937934,0.829323,0.623406,0.623406,,0,,15.83
#6 back-loaded,53,2,19,24,19,0.937950,0.829126,0.605026,0.605026,,0,,15.83
#6 back-loaded,54,2,19,24,19,0.937964,0.828926,0.617769,0.617769,,0,,15.83
#6 back-loaded,55,2,19,24,19,0.937965,0.828926,0.581684,0.581684,,0,,15.83
#6 back-loaded,56,2,19,24,19,0.939814,0.828926,0.660799,0.660799,,0,,15.83
#6 back-loaded,57,2,19,24,19,0.939858,0.828522,0.665460,0.665460,,0,,15.83
#6 back-loaded,58,2,19,24,19,0.939858,0.828522,0.685548,0.685548,,0,,15.83
#6 back-loaded,59,2,19,24,19,0.939858,0.828522,0.742360,0.742360,,0,,15.83
#6 back-loaded,60,2,19,24,19,0.939858,0.828522,0.699869,0.699869,,0,,15.83
#6 back-loaded,61,2,19,24,19,0.939858,0.828522,0.656942,0.656942,,0,,15.83
#6 back-loaded,62,2,20,24,20,0.940568,0.828389,0.663079,0.663079,,0,,16.67
#6 back-loaded,63,2,20,24,20,0.940568,0.828389,0.664018,0.664018,,0,,16.67
#6 back-loaded,64,2,20,24,20,0.940595,0.828188,0.691985,0.691985,,0,,16.67
#6 back-loaded,65,2,20,24,20,0.940595,0.828188,0.670456,0.670456,,0,,16.67
#6 back-loaded,66,2,20,24,20,0.940595,0.828188,0.673307,0.673307,,0,,16.67
#6 back-loaded,67,2,20,24,20,0.941755,0.805915,0.681456,0.681456,,0,,16.67
#6 back-loaded,68,2,20,24,20,0.941755,0.805915,0.682094,0.682094,,0,,16.67
#6 back-loaded,69,2,20,24,20,0.942110,0.800497,0.700805,0.700805,,0,,16.67
#6 back-loaded,70,2,20,24,20,0.942110,0.800497,0.698122,0.698122,,0,,16.67
#6 back-loaded,71,2,20,24,20,0.942115,0.800439,0.694537,0.694537,,0,,16.67
#6 back-loaded,72,2,20,24,20,0.942125,0.800371,0.723312,0.723312,,0,,16.67
#6 back-loaded,73,2,20,24,20,0.942459,0.793967,0.677264,0.677264,,0,,16.67
#6 back-loaded,74,2,20,24,20,0.942464,0.793885,0.709256,0.709256,,0,,16.67
#6 back-loaded,75,2,20,24,20,0.942464,0.793885,0.711940,0.711940,,0,,16.67
#6 back-loaded,76,2,20,24,20,0.942464,0.793885,0.710797,0.710797,,0,,16.67
#6 back-loaded,77,2,20,24,20,0.942464,0.793885,0.719719,0.719719,,0,,16.67
#6 back-loaded,78,2,20,24,20,0.942464,0.793885,0.722000,0.722000,,0,,16.67
#6 back-loaded,79,2,20,24,20,0.942464,0.793885,0.699731,0.699731,,0,,16.67
#6 back-loaded,80,2,20,24,20,0.942464,0.793885,0.723409,0.723409,,0,,16.67
#6 back-loaded,81,2,20,24,20,0.942466,0.793845,0.745743,0.745743,,0,,16.67
#6 back-loaded,82,2,20,24,20,0.942466,0.793845,0.700539,0.700539,,0,,16.67
#6 back-loaded,83,2,20,24,20,0.942466,0.793845,0.705903,0.705903,,0,,16.67
#6 back-loaded,84,2,20,24,20,0.942466,0.793845,0.726528,0.726528,,0,,16.67
#6 back-loaded,85,2,20,24,20,0.942466,0.793845,0.745272,0.745272,,0,,16.67
#6 back-loaded,86,2,20,24,20,0.942466,0.793845,0.752949,0.752949,,0,,16.67
#6 back-loaded,87,2,20,24,20,0.942467,0.793825,0.758225,0.758225,,0,,16.67
#6 back-loaded,88,2,20,24,20,0.942467,0.793825,0.759696,0.759696,,0,,16.67
#6 back-loaded,89,2,20,24,20,0.942467,0.793825,0.741863,0.741863,,0,,16.67
#6 back-loaded,90,2,20,24,20,0.942467,0.793825,0.716668,0.716668,0.768994,0,,16.67
#7 near-tied,1,2,0,2,0,0.026049,1.000000,0.556349,0.556068,,0,,0.00
#7 near-tied,2,2,0,3,0,0.052094,1.000000,0.594601,0.594330,,0,,0.00
#7 near-tied,3,2,0,4,0,0.078138,1.000000,0.612834,0.612461,,0,,0.00
#7 near-tied,4,2,0,5,0,0.104182,1.000000,0.583670,0.583552,,0,,0.00
#7 near-tied,5,2,0,6,0,0.138906,1.000000,0.627674,0.627419,,0,,0.00
#7 near-tied,6,2,0,6,0,0.147608,0.999901,0.619455,0.619392,,0,,0.00
#7 near-tied,7,2,0,6,0,0.156290,0.999900,0.546453,0.546205,,0,,0.00
#7 near-tied,8,2,0,6,0,0.164971,0.999900,0.576284,0.576139,,0,,0.00
#7 near-tied,9,2,0,6,0,0.173653,0.999900,0.615943,0.615787,,0,,0.00
#7 near-tied,10,2,0,6,0,0.178023,0.999702,0.556535,0.556479,,0,,0.00
#7 near-tied,11,2,0,6,0,0.182365,0.999701,0.530821,0.530821,,0,,0.00
#7 near-tied,12,2,0,6,0,0.186707,0.999701,0.525605,0.525526,,0,,0.00
#7 near-tied,13,2,1,6,4,0.189344,0.999403,0.532380,0.532272,,0,,0.83
#7 near-tied,14,2,2,6,8,0.191940,0.999402,0.503488,0.503386,,0,,1.67
#7 near-tied,15,2,2,6,8,0.191989,0.999004,0.506162,0.506059,,0,,1.67
#7 near-tied,16,2,2,10,8,0.244223,0.998905,0.523021,0.522968,,0,,1.67
#7 near-tied,17,2,2,13,8,0.313761,0.998805,0.575278,0.575220,,0,,1.67
#7 near-tied,18,2,2,15,8,0.391920,0.998705,0.566004,0.566004,,0,,1.67
#7 near-tied,19,2,2,17,8,0.457067,0.998705,0.581160,0.581160,,0,,1.67
#7 near-tied,20,2,4,19,8,0.540416,0.998705,0.598645,0.598645,,0,,3.33
#7 near-tied,21,2,5,21,8,0.616831,0.998705,0.592022,0.591962,,0,,4.17
#7 near-tied,22,2,5,21,8,0.616846,0.998705,0.608386,0.608386,,0,,4.17
#7 near-tied,23,2,5,21,8,0.616862,0.998605,0.601937,0.601937,,0,,4.17
#7 near-tied,24,2,7,23,8,0.700226,0.998605,0.573310,0.573281,,0,,5.83
#7 near-tied,25,2,7,23,8,0.700238,0.998605,0.649413,0.649381,,0,,5.83
#7 near-tied,26,2,7,23,8,0.700245,0.998505,0.740892,0.740892,,0,,5.83
#7 near-tied,27,2,7,23,8,0.700264,0.998405,0.577609,0.577609,,0,,5.83
#7 near-tied,28,2,7,23,8,0.700282,0.998306,0.713287,0.713251,,0,,5.83
#7 near-tied,29,2,7,23,8,0.700282,0.998306,0.686022,0.685953,,0,,5.83
#7 near-tied,30,2,8,24,8,0.741964,0.998304,0.738309,0.738234,,0,,6.67
#7 near-tied,31,2,8,24,8,0.742009,0.998204,0.741288,0.741251,,0,,6.67
#7 near-tied,32,2,8,24,8,0.742009,0.998204,0.772804,0.772687,,0,,6.67
#7 near-tied,33,2,8,24,8,0.742082,0.998003,0.730991,0.730954,,0,,6.67
#7 near-tied,34,2,8,24,8,0.742192,0.997704,0.735142,0.735068,,0,,6.67
#7 near-tied,35,2,8,24,8,0.742484,0.996957,0.689011,0.689011,,0,,6.67
#7 near-tied,36,2,8,24,8,0.742678,0.996457,0.663847,0.663847,,0,,6.67
#7 near-tied,37,2,8,24,8,0.742888,0.995957,0.728132,0.728095,,0,,6.67
#7 near-tied,38,2,8,24,8,0.742888,0.995957,0.746822,0.746822,,0,,6.67
#7 near-tied,39,2,8,24,8,0.742888,0.995957,0.812671,0.812671,,0,,6.67
#7 near-tied,40,2,8,24,8,0.742903,0.995957,0.858859,0.858859,,0,,6.67
#7 near-tied,41,2,8,24,8,0.743279,0.995157,0.712391,0.712391,,0,,6.67
#7 near-tied,42,2,8,24,8,0.743754,0.994011,0.778080,0.778080,,0,,6.67
#7 near-tied,43,2,8,24,8,0.743754,0.994011,0.762205,0.762166,,0,,6.67
#7 near-tied,44,2,8,24,8,0.743783,0.994011,0.751817,0.751779,,0,,6.67
#7 near-tied,45,2,11,24,11,0.753619,0.993532,0.798693,0.798693,,0,,9.17
#7 near-tied,46,2,11,24,11,0.753620,0.993506,0.837292,0.837292,,0,,9.17
#7 near-tied,47,2,11,24,11,0.753620,0.993506,0.781258,0.781258,,0,,9.17
#7 near-tied,48,2,13,24,13,0.901849,0.827707,0.722470,0.722470,,0,,10.83
#7 near-tied,49,2,13,24,13,0.901850,0.827707,0.802825,0.802825,,0,,10.83
#7 near-tied,50,2,13,24,13,0.948230,0.331436,0.847254,0.847254,,0,,10.83
#7 near-tied,51,2,13,24,13,0.948462,0.331436,0.786235,0.786235,,0,,10.83
#7 near-tied,52,2,13,24,13,0.949124,0.331403,0.792554,0.792554,,0,,10.83
#7 near-tied,53,2,13,24,13,0.949294,0.330920,0.812268,0.812268,,0,,10.83
#7 near-tied,54,2,13,24,13,0.949512,0.330895,0.856858,0.856858,,0,,10.83
#7 near-tied,55,2,13,24,13,0.949512,0.330895,0.777629,0.777629,,0,,10.83
#7 near-tied,56,2,13,24,13,0.950397,0.330895,0.861386,0.861343,,0,,10.83
#7 near-tied,57,2,20,24,20,0.992756,0.253287,0.809275,0.809275,,0,,16.67
#7 near-tied,58,2,20,24,20,0.992821,0.253287,0.871385,0.871385,,0,,16.67
#7 near-tied,59,2,20,24,20,0.994334,0.240688,0.846254,0.846211,,0,,16.67
#7 near-tied,60,2,20,24,20,0.994438,0.240688,0.858672,0.858672,,0,,16.67
#7 near-tied,61,2,20,24,20,0.996091,0.231815,0.876792,0.876748,,0,,16.67
#7 near-tied,62,2,20,24,20,0.996188,0.231782,0.892929,0.892929,,0,,16.67
#7 near-tied,63,2,21,24,21,0.996351,0.231782,0.810313,0.810313,,0,,17.50
#7 near-tied,64,2,22,24,22,0.997688,0.231782,0.862618,0.862618,,0,,18.33
#7 near-tied,65,2,22,24,22,0.997688,0.231782,0.869441,0.869441,,0,,18.33
#7 near-tied,66,2,23,24,23,0.998985,0.219484,0.858622,0.858578,,0,,19.17
#7 near-tied,67,2,23,24,23,0.998985,0.219484,0.845901,0.845901,,0,,19.17
#7 near-tied,68,2,23,24,23,0.999980,0.200384,0.865569,0.865569,,0,,19.17
#7 near-tied,69,2,23,24,23,0.999980,0.200384,0.865720,0.865677,,0,,19.17
#7 near-tied,70,2,23,24,23,0.999980,0.200384,0.861494,0.861494,,0,,19.17
#7 near-tied,71,2,23,24,23,0.999980,0.200384,0.859334,0.859334,,0,,19.17
#7 near-tied,72,2,23,24,23,0.999982,0.200350,0.845525,0.845525,,0,,19.17
#7 near-tied,73,2,24,24,24,1.000000,0.165352,0.889989,0.889989,0.877486,1,coverage-complete,20.00
#7 near-tied,74,3,5,5,24,0.208333,0.165352,0.865734,0.865691,,0,,24.17
#7 near-tied,75,3,7,7,24,0.291667,0.161846,0.883293,0.883293,,0,,25.83
#7 near-tied,76,3,12,12,24,0.500000,0.161846,0.853057,0.853057,,0,,30.00
#7 near-tied,77,3,16,16,24,0.666667,0.161846,0.873365,0.873321,,0,,33.33
#7 near-tied,78,3,17,17,24,0.708333,0.161846,0.833996,0.833996,,0,,34.17
#7 near-tied,79,3,20,20,24,0.833333,0.153001,0.875114,0.875114,,0,,36.67
#7 near-tied,80,3,20,20,24,0.833333,0.152928,0.896048,0.896048,,0,,36.67
#7 near-tied,81,3,20,20,24,0.833333,0.152928,0.879535,0.879535,,0,,36.67
#7 near-tied,82,3,20,20,24,0.833333,0.130091,0.868160,0.868160,,0,,36.67
#7 near-tied,83,3,20,20,24,0.833333,0.130091,0.907839,0.907839,,0,,36.67
#7 near-tied,84,3,20,20,24,0.833333,0.130091,0.883119,0.883119,,0,,36.67
#7 near-tied,85,3,21,21,24,0.875000,0.127056,0.906272,0.906272,,0,,37.50
#7 near-tied,86,3,22,22,24,0.916667,0.127041,0.901893,0.901893,,0,,38.33
#7 near-tied,87,3,22,22,24,0.916667,0.127041,0.907509,0.907509,,0,,38.33
#7 near-tied,88,3,22,22,24,0.916667,0.125851,0.897285,0.897285,,0,,38.33
#7 near-tied,89,3,22,22,24,0.916667,0.125851,0.917506,0.917506,,0,,38.33
#7 near-tied,90,3,23,23,24,0.958333,0.125851,0.914820,0.914820,0.911329,0,,39.17
#8 noisy,1,2,0,2,0,0.052083,1.000000,0.623382,0.612142,,0,,0.00
#8 noisy,2,2,0,3,0,0.104167,1.000000,0.660098,0.647066,,0,,0.00
#8 noisy,3,2,0,4,0,0.156250,1.000000,0.651431,0.639043,,0,,0.00
#8 noisy,4,2,0,5,0,0.208333,1.000000,0.699733,0.687371,,0,,0.00
#8 noisy,5,2,6,6,9,0.250000,0.200001,0.657153,0.649961,,0,,5.00
#8 noisy,6,2,6,6,9,0.250000,0.200001,0.657153,0.649961,,0,,5.00
#8 noisy,7,2,6,6,9,0.250000,0.200021,0.739736,0.731215,,0,,5.00
#8 noisy,8,2,6,6,9,0.250000,0.200020,0.680179,0.672379,,0,,5.00
#8 noisy,9,2,6,6,24,0.250000,0.166700,0.669763,0.662293,,0,,5.00
#8 noisy,10,2,6,6,24,0.250000,0.166684,0.669763,0.662293,,0,,5.00
#8 noisy,11,2,6,6,24,0.250000,0.166684,0.669763,0.662293,,0,,5.00
#8 noisy,12,2,6,6,24,0.250000,0.166667,0.813677,0.798119,,0,,5.00
#8 noisy,13,2,6,6,24,0.250000,0.166667,0.813677,0.798119,,0,,5.00
#8 noisy,14,2,6,6,24,0.250000,0.166667,0.813677,0.798119,,0,,5.00
#8 noisy,15,2,6,6,24,0.250000,0.166667,0.813677,0.798119,,0,,5.00
#8 noisy,16,2,10,10,24,0.416667,0.166667,0.844729,0.825781,,0,,8.33
#8 noisy,17,2,12,12,24,0.500000,0.166667,0.844729,0.825781,,0,,10.00
#8 noisy,18,2,14,14,24,0.583333,0.166667,0.844729,0.825781,,0,,11.67
#8 noisy,19,2,15,15,24,0.625000,0.166667,0.797940,0.784298,,0,,12.50
#8 noisy,20,2,15,15,24,0.625000,0.166667,0.844729,0.825781,,0,,12.50
#8 noisy,21,2,15,15,24,0.625000,0.166667,0.844729,0.825781,,0,,12.50
#8 noisy,22,2,17,17,24,0.708333,0.166667,0.834424,0.816655,,0,,14.17
#8 noisy,23,2,18,18,24,0.750000,0.166667,0.834424,0.816655,,0,,15.00
#8 noisy,24,2,20,20,24,0.833333,0.166667,0.858160,0.840063,,0,,16.67
#8 noisy,25,2,20,20,24,0.833333,0.166667,0.834424,0.816655,,0,,16.67
#8 noisy,26,2,23,23,24,0.958333,0.166667,0.831864,0.817383,,0,,19.17
#8 noisy,27,2,23,23,24,0.958333,0.166667,0.836067,0.819259,,0,,19.17
#8 noisy,28,2,24,24,24,1.000000,0.166667,0.858160,0.840063,0.765079,1,coverage-complete,20.00
#8 noisy,29,3,6,6,24,0.250000,0.166667,0.776120,0.759753,,0,,25.00
#8 noisy,30,3,10,10,24,0.416667,0.166667,0.776120,0.759753,,0,,28.33
#8 noisy,31,3,13,13,24,0.541667,0.166667,0.827896,0.813313,,0,,30.83
#8 noisy,32,3,15,15,24,0.625000,0.166667,0.827896,0.813313,,0,,32.50
#8 noisy,33,3,16,16,24,0.666667,0.166667,0.776120,0.759753,,0,,33.33
#8 noisy,34,3,20,20,24,0.833333,0.166667,0.776120,0.759753,,0,,36.67
#8 noisy,35,3,21,21,24,0.875000,0.166667,0.858160,0.840063,,0,,37.50
#8 noisy,36,3,23,23,24,0.958333,0.166667,0.843259,0.831652,,0,,39.17
#8 noisy,37,3,23,23,24,0.958333,0.166667,0.776120,0.759753,,0,,39.17
#8 noisy,38,3,23,23,24,0.958333,0.166667,0.776120,0.759753,,0,,39.17
#8 noisy,39,3,23,23,24,0.958333,0.166569,0.773129,0.756825,,0,,39.17
#8 noisy,40,3,23,23,24,0.958333,0.166470,0.776120,0.759753,,0,,39.17
#8 noisy,41,3,23,23,24,0.958333,0.166469,0.776120,0.759753,,0,,39.17
#8 noisy,42,3,23,23,24,0.958333,0.166469,0.776120,0.759753,,0,,39.17
#8 noisy,43,3,23,23,24,0.958333,0.166469,0.776120,0.759753,,0,,39.17
#8 noisy,44,3,23,23,24,0.958333,0.166469,0.776120,0.759753,,0,,39.17
#8 noisy,45,3,23,23,24,0.958333,0.166469,0.776120,0.759753,,0,,39.17
#8 noisy,46,3,23,23,24,0.958333,0.166469,0.776120,0.759753,,0,,39.17
#8 noisy,47,3,23,23,24,0.958333,0.166469,0.776120,0.759753,,0,,39.17
#8 noisy,48,3,23,23,24,0.958333,0.166469,0.776120,0.759753,,0,,39.17
#8 noisy,49,3,23,23,24,0.958333,0.166568,0.773368,0.762642,,0,,39.17
#8 noisy,50,3,24,24,24,1.000000,0.166468,0.776120,0.759753,0.910424,1,coverage-complete,40.00
#8 noisy,51,4,4,4,24,0.166667,0.166468,0.776120,0.759753,,0,,43.33
#8 noisy,52,4,9,9,24,0.375000,0.166468,0.776120,0.759753,,0,,47.50
#8 noisy,53,4,14,14,24,0.583333,0.000003,0.768646,0.767751,,0,,51.67
#8 noisy,54,4,17,17,24,0.708333,0.000003,0.768665,0.767730,,0,,54.17
#8 noisy,55,4,17,17,24,0.708333,0.000003,0.780820,0.754963,,0,,54.17
#8 noisy,56,4,17,17,24,0.708333,0.000002,0.768569,0.767837,,0,,54.17
#8 noisy,57,4,17,17,24,0.708333,0.000002,0.768646,0.767751,,0,,54.17
#8 noisy,58,4,21,21,24,0.875000,0.000003,0.780820,0.754963,,0,,57.50
#8 noisy,59,4,22,22,24,0.916667,0.000002,0.780820,0.754963,,0,,58.33
#8 noisy,60,4,22,22,24,0.916667,0.000002,0.768588,0.767815,,0,,58.33
#8 noisy,61,4,22,22,24,0.916667,0.000002,0.768433,0.767986,,0,,58.33
#8 noisy,62,4,22,22,24,0.916667,0.000002,0.780820,0.754963,,0,,58.33
#8 noisy,63,4,22,22,24,0.916667,0.000002,0.768260,0.768178,,0,,58.33
#8 noisy,64,4,23,23,24,0.958333,0.000002,0.780820,0.754963,,0,,59.17
#8 noisy,65,4,23,23,24,0.958333,0.000002,0.780820,0.754963,,0,,59.17
#8 noisy,66,4,24,24,24,1.000000,0.000002,0.768395,0.768029,0.999999,1,coverage-complete,60.00
#8 noisy,67,5,8,8,24,0.333333,0.000002,0.772052,0.764047,,0,,66.67
#8 noisy,68,5,9,9,24,0.375000,0.000002,0.780820,0.754963,,0,,67.50
#8 noisy,69,5,15,15,24,0.625000,0.000002,0.780820,0.754963,,0,,72.50
#8 noisy,70,5,17,17,24,0.708333,0.000002,0.780820,0.754963,,0,,74.17
#8 noisy,71,5,19,19,24,0.791667,0.000002,0.780820,0.754963,,0,,75.83
#8 noisy,72,5,20,20,24,0.833333,0.000002,0.768279,0.768157,,0,,76.67
#8 noisy,73,5,20,20,24,0.833333,0.000001,0.780820,0.754963,,0,,76.67
#8 noisy,74,5,23,23,24,0.958333,0.000001,0.768279,0.768157,,0,,79.17
#8 noisy,75,5,23,23,24,0.958333,0.000001,0.768414,0.768007,,0,,79.17
#8 noisy,76,5,23,23,24,0.958333,0.000001,0.768318,0.768114,,0,,79.17
#8 noisy,77,5,24,24,24,1.000000,0.000001,0.780820,0.754963,1.000000,1,coverage-complete,80.00
#8 noisy,78,6,11,11,24,0.458333,0.000001,0.768491,0.767922,,0,,89.17
#8 noisy,79,6,18,18,24,0.750000,0.000001,0.768318,0.768114,,0,,95.00
#8 noisy,80,6,18,18,24,0.750000,0.000001,0.780820,0.754963,,0,,95.00
#8 noisy,81,6,21,21,24,0.875000,0.000001,0.780820,0.754963,,0,,97.50
#8 noisy,82,6,23,23,24,0.958333,0.000001,0.780820,0.754963,,0,,99.17
#8 noisy,83,6,24,24,24,1.000000,0.000001,0.780820,0.754963,1.000000,1,coverage-complete,100.00
#9 short-session-degree2-cap,1,2,0,2,0,0.052083,1.000000,0.623382,0.612142,,0,,0.00
#9 short-session-degree2-cap,2,2,0,3,0,0.104167,1.000000,0.660098,0.647066,,0,,0.00
#9 short-session-degree2-cap,3,2,0,4,0,0.156250,1.000000,0.651431,0.639043,,0,,0.00
#9 short-session-degree2-cap,4,2,0,5,0,0.208333,1.000000,0.699733,0.687371,,0,,0.00
#9 short-session-degree2-cap,5,2,6,6,24,0.250000,0.166667,0.781242,0.767805,,0,,5.00
#9 short-session-degree2-cap,6,2,6,6,24,0.250000,0.166667,0.804906,0.791940,,0,,5.00
#9 short-session-degree2-cap,7,2,6,6,24,0.250000,0.166667,0.804906,0.791940,,0,,5.00
#9 short-session-degree2-cap,8,2,6,6,24,0.250000,0.166667,0.804906,0.791940,,0,,5.00
#9 short-session-degree2-cap,9,2,6,6,24,0.250000,0.166667,0.822498,0.807711,,0,,5.00
#9 short-session-degree2-cap,10,2,6,6,24,0.250000,0.166667,0.813393,0.797335,,0,,5.00
#9 short-session-degree2-cap,11,2,6,6,24,0.250000,0.166667,0.813393,0.797335,,0,,5.00
#9 short-session-degree2-cap,12,2,6,6,24,0.250000,0.166667,0.829705,0.813583,,0,,5.00
#9 short-session-degree2-cap,13,2,6,6,24,0.250000,0.166667,0.813547,0.797823,,0,,5.00
#9 short-session-degree2-cap,14,2,6,6,24,0.250000,0.166667,0.801967,0.788090,,0,,5.00
#9 short-session-degree2-cap,15,2,6,6,24,0.250000,0.166667,0.774024,0.760429,,0,,5.00
#9 short-session-degree2-cap,16,2,10,10,24,0.416667,0.166667,0.774024,0.760429,,0,,8.33
#9 short-session-degree2-cap,17,2,12,12,24,0.500000,0.166667,0.785696,0.768558,,0,,10.00
#9 short-session-degree2-cap,18,2,14,14,24,0.583333,0.166667,0.774024,0.760429,,0,,11.67
#9 short-session-degree2-cap,19,2,16,16,24,0.666667,0.166667,0.774024,0.760429,,0,,13.33
#9 short-session-degree2-cap,20,2,17,17,24,0.708333,0.166667,0.785696,0.768558,,0,,14.17
#9 short-session-degree2-cap,21,2,17,17,24,0.708333,0.166667,0.774024,0.760429,,0,,14.17
#9 short-session-degree2-cap,22,2,19,19,24,0.791667,0.166667,0.845479,0.832783,,0,,15.83
#9 short-session-degree2-cap,23,2,19,19,24,0.791667,0.166667,0.845479,0.832783,,0,,15.83
#9 short-session-degree2-cap,24,2,20,20,24,0.833333,0.166667,0.711846,0.698494,,0,,16.67
#9 short-session-degree2-cap,25,2,22,22,24,0.916667,0.166667,0.726788,0.714665,,0,,18.33
#9 short-session-degree2-cap,26,2,23,23,24,0.958333,0.166667,0.711846,0.698494,,0,,19.17
#9 short-session-degree2-cap,27,2,23,23,24,0.958333,0.166667,0.726788,0.714665,,0,,19.17
#9 short-session-degree2-cap,28,2,23,23,24,0.958333,0.166667,0.748967,0.736240,,0,,19.17
#9 short-session-degree2-cap,29,2,23,23,24,0.958333,0.166667,0.711846,0.698494,,0,,19.17
#9 short-session-degree2-cap,30,2,24,24,24,1.000000,0.166667,0.711846,0.698494,0.794841,1,coverage-complete,20.00
#10 dan-approximation,1,2,0,2,0,0.026049,1.000000,0.491438,0.491289,,0,,0.00
#10 dan-approximation,2,2,0,3,0,0.052094,1.000000,0.461074,0.460865,,0,,0.00
#10 dan-approximation,3,2,0,4,0,0.078138,1.000000,0.422864,0.422736,,0,,0.00
#10 dan-approximation,4,2,0,5,0,0.104182,1.000000,0.466797,0.466656,,0,,0.00
#10 dan-approximation,5,2,0,6,0,0.138906,1.000000,0.516517,0.516387,,0,,0.00
#10 dan-approximation,6,2,0,6,0,0.147608,0.999901,0.532967,0.532832,,0,,0.00
#10 dan-approximation,7,2,0,6,0,0.156290,0.999900,0.384748,0.384690,,0,,0.00
#10 dan-approximation,8,2,0,6,0,0.164971,0.999900,0.498994,0.498843,,0,,0.00
#10 dan-approximation,9,2,0,6,0,0.173653,0.999900,0.435255,0.435189,,0,,0.00
#10 dan-approximation,10,2,0,6,0,0.178023,0.999702,0.424461,0.424375,,0,,0.00
#10 dan-approximation,11,2,0,6,0,0.182365,0.999701,0.354982,0.354910,,0,,0.00
#10 dan-approximation,12,2,0,6,0,0.186707,0.999701,0.337086,0.337001,,0,,0.00
#10 dan-approximation,13,2,1,6,4,0.189344,0.999403,0.438626,0.438560,,0,,0.83
#10 dan-approximation,14,2,2,6,8,0.191940,0.999402,0.297119,0.297074,,0,,1.67
#10 dan-approximation,15,2,2,6,8,0.191989,0.999004,0.363555,0.363536,,0,,1.67
#10 dan-approximation,16,2,2,10,8,0.244223,0.999004,0.352136,0.352101,,0,,1.67
#10 dan-approximation,17,2,2,11,8,0.244291,0.998905,0.446385,0.446340,,0,,1.67
#10 dan-approximation,18,2,2,12,8,0.270371,0.998905,0.394898,0.394879,,0,,1.67
#10 dan-approximation,19,2,2,12,8,0.270405,0.998805,0.378904,0.378865,,0,,1.67
#10 dan-approximation,20,2,2,14,8,0.348559,0.998805,0.416327,0.416306,,0,,1.67
#10 dan-approximation,21,2,2,17,8,0.457111,0.998805,0.500201,0.500151,,0,,1.67
#10 dan-approximation,22,2,2,17,8,0.457127,0.998803,0.457256,0.457233,,0,,1.67
#10 dan-approximation,23,2,4,20,8,0.575214,0.998803,0.500339,0.500289,,0,,3.33
#10 dan-approximation,24,2,4,20,8,0.661931,0.832086,0.467503,0.467456,,0,,3.33
#10 dan-approximation,25,2,5,21,8,0.703598,0.832086,0.514381,0.514329,,0,,4.17
#10 dan-approximation,26,2,6,22,8,0.745348,0.831787,0.516393,0.516367,,0,,5.00
#10 dan-approximation,27,2,6,22,8,0.745385,0.831787,0.541944,0.541890,,0,,5.00
#10 dan-approximation,28,2,6,22,8,0.745395,0.831787,0.687363,0.687329,,0,,5.00
#10 dan-approximation,29,2,8,24,8,0.828728,0.831787,0.687363,0.687329,,0,,6.67
#10 dan-approximation,30,2,8,24,8,0.828728,0.831787,0.670421,0.670353,,0,,6.67
#10 dan-approximation,31,2,8,24,8,0.828803,0.831587,0.703484,0.703378,,0,,6.67
#10 dan-approximation,32,2,8,24,8,0.828803,0.831586,0.693261,0.693226,,0,,6.67
#10 dan-approximation,33,2,8,24,8,0.828808,0.831586,0.620466,0.620435,,0,,6.67
#10 dan-approximation,34,2,8,24,8,0.828808,0.831586,0.622144,0.622113,,0,,6.67
#10 dan-approximation,35,2,8,24,8,0.828926,0.831287,0.624325,0.624293,,0,,6.67
#10 dan-approximation,36,2,8,24,8,0.828926,0.831287,0.623049,0.623018,,0,,6.67
#10 dan-approximation,37,2,8,24,8,0.828926,0.831287,0.671509,0.671476,,0,,6.67
#10 dan-approximation,38,2,8,24,8,0.828984,0.831087,0.638950,0.638886,,0,,6.67
#10 dan-approximation,39,2,8,24,8,0.828994,0.831087,0.681194,0.681160,,0,,6.67
#10 dan-approximation,40,2,8,24,8,0.898499,0.440237,0.682671,0.682636,,0,,6.67
#10 dan-approximation,41,2,8,24,8,0.898499,0.440237,0.638884,0.638820,,0,,6.67
#10 dan-approximation,42,2,9,24,9,0.916988,0.440137,0.663533,0.663500,,0,,7.50
#10 dan-approximation,43,2,9,24,9,0.916988,0.440137,0.633386,0.633322,,0,,7.50
#10 dan-approximation,44,2,9,24,9,0.917082,0.439988,0.719198,0.719162,,0,,7.50
#10 dan-approximation,45,2,9,24,9,0.917177,0.439808,0.690778,0.690744,,0,,7.50
#10 dan-approximation,46,2,9,24,9,0.917177,0.439808,0.778565,0.778487,,0,,7.50
#10 dan-approximation,47,2,18,24,18,0.981488,0.284645,0.716085,0.716049,,0,,15.00
#10 dan-approximation,48,2,18,24,18,0.981488,0.284645,0.749189,0.749152,,0,,15.00
#10 dan-approximation,49,2,18,24,18,0.981488,0.284645,0.713402,0.713367,,0,,15.00
#10 dan-approximation,50,2,18,24,18,0.981493,0.284645,0.752306,0.752268,,0,,15.00
#10 dan-approximation,51,2,19,24,19,0.984083,0.284567,0.770704,0.770665,,0,,15.83
#10 dan-approximation,52,2,19,24,19,0.984083,0.284567,0.758037,0.757998,,0,,15.83
#10 dan-approximation,53,2,19,24,19,0.984083,0.284566,0.745269,0.745231,,0,,15.83
#10 dan-approximation,54,2,20,24,20,0.987820,0.284566,0.751200,0.751162,,0,,16.67
#10 dan-approximation,55,2,20,24,20,0.987820,0.284566,0.752105,0.752067,,0,,16.67
#10 dan-approximation,56,2,20,24,20,0.987820,0.284566,0.723219,0.723183,,0,,16.67
#10 dan-approximation,57,2,20,24,20,0.987820,0.284566,0.748907,0.748831,,0,,16.67
#10 dan-approximation,58,2,20,24,20,0.987840,0.284480,0.755039,0.754964,,0,,16.67
#10 dan-approximation,59,2,20,24,20,0.987840,0.284480,0.771899,0.771821,,0,,16.67
#10 dan-approximation,60,2,20,24,20,0.987840,0.284480,0.778454,0.778415,,0,,16.67
#10 dan-approximation,61,2,20,24,20,0.987840,0.284480,0.787765,0.787725,,0,,16.67
#10 dan-approximation,62,2,21,24,21,0.993255,0.248802,0.772552,0.772514,,0,,17.50
#10 dan-approximation,63,2,21,24,21,0.993260,0.248752,0.790097,0.790017,,0,,17.50
#10 dan-approximation,64,2,21,24,21,0.993260,0.248752,0.762568,0.762530,,0,,17.50
#10 dan-approximation,65,2,21,24,21,0.993260,0.248752,0.761199,0.761160,,0,,17.50
#10 dan-approximation,66,2,21,24,21,0.993260,0.248752,0.744263,0.744226,,0,,17.50
#10 dan-approximation,67,2,21,24,21,0.993260,0.248752,0.746374,0.746337,,0,,17.50
#10 dan-approximation,68,2,21,24,21,0.993260,0.248752,0.770843,0.770805,,0,,17.50
#10 dan-approximation,69,2,22,24,22,0.995799,0.248652,0.754084,0.754046,,0,,18.33
#10 dan-approximation,70,2,22,24,22,0.995799,0.248653,0.804404,0.804323,,0,,18.33
#10 dan-approximation,71,2,22,24,22,0.995799,0.248652,0.797657,0.797617,,0,,18.33
#10 dan-approximation,72,2,22,24,22,0.995808,0.248552,0.785251,0.785212,,0,,18.33
#10 dan-approximation,73,2,23,24,23,0.997482,0.248352,0.779451,0.779411,,0,,19.17
#10 dan-approximation,74,2,23,24,23,0.997482,0.248352,0.780959,0.780919,,0,,19.17
#10 dan-approximation,75,2,23,24,23,0.997482,0.248352,0.772298,0.772259,,0,,19.17
#10 dan-approximation,76,2,23,24,23,0.997482,0.248352,0.785120,0.785081,,0,,19.17
#10 dan-approximation,77,2,24,24,24,1.000000,0.198003,0.751370,0.751332,0.879765,1,coverage-complete,20.00
#10 dan-approximation,78,3,5,5,24,0.208333,0.198003,0.762096,0.762058,,0,,24.17
#10 dan-approximation,79,3,8,8,24,0.333333,0.198003,0.822571,0.822489,,0,,26.67
#10 dan-approximation,80,3,12,12,24,0.500000,0.198003,0.781461,0.781422,,0,,30.00
#10 dan-approximation,81,3,14,14,24,0.583333,0.198003,0.781872,0.781833,,0,,31.67
#10 dan-approximation,82,3,17,17,24,0.708333,0.198003,0.819937,0.819895,,0,,34.17
#10 dan-approximation,83,3,17,17,24,0.708333,0.198003,0.794631,0.794592,,0,,34.17
#10 dan-approximation,84,3,18,18,24,0.750000,0.198003,0.808274,0.808234,,0,,35.00
#10 dan-approximation,85,3,19,19,24,0.791667,0.198003,0.823195,0.823154,,0,,35.83
#10 dan-approximation,86,3,19,19,24,0.791667,0.198003,0.810888,0.810848,,0,,35.83
#10 dan-approximation,87,3,22,22,24,0.916667,0.198003,0.805158,0.805117,,0,,38.33
#10 dan-approximation,88,3,22,22,24,0.916667,0.198003,0.823858,0.823816,,0,,38.33
#10 dan-approximation,89,3,22,22,24,0.916667,0.198003,0.811722,0.811682,,0,,38.33
#10 dan-approximation,90,3,22,22,24,0.916667,0.198003,0.808204,0.808163,0.885715,0,,38.33
A70,1,2,0,2,0,0.026049,1.000000,0.485198,0.485174,,0,,0.00
A70,2,2,0,3,0,0.069453,1.000000,0.509716,0.509716,,0,,0.00
A70,3,2,0,4,0,0.108547,0.999802,0.383441,0.383441,,0,,0.00
A70,4,2,1,5,4,0.158899,0.999703,0.517358,0.517332,,0,,0.83
A70,5,2,2,6,8,0.209242,0.999702,0.484689,0.484664,,0,,1.67
A70,6,2,2,6,8,0.209242,0.999702,0.462860,0.462836,,0,,1.67
A70,7,2,2,6,8,0.209242,0.999702,0.462860,0.462836,,0,,1.67
A70,8,2,6,6,12,0.250000,0.250076,0.392520,0.392500,,0,,5.00
A70,9,2,6,6,9,0.250000,0.200141,0.381814,0.381814,,0,,5.00
A70,10,2,6,6,9,0.250000,0.200141,0.374376,0.374376,,0,,5.00
A70,11,2,6,6,12,0.250000,0.200121,0.402953,0.402953,,0,,5.00
A70,12,2,6,6,15,0.250000,0.200061,0.402953,0.402953,,0,,5.00
A70,13,2,6,6,15,0.250000,0.200061,0.369678,0.369678,,0,,5.00
A70,14,2,6,6,15,0.250000,0.200061,0.430604,0.430604,,0,,5.00
A70,15,2,6,6,9,0.250000,0.200120,0.495607,0.495607,,0,,5.00
A70,16,2,8,10,12,0.416654,0.200120,0.517333,0.517333,,0,,6.67
A70,17,2,8,13,12,0.541652,0.200120,0.519228,0.519202,,0,,6.67
A70,18,2,8,14,12,0.583321,0.200060,0.480795,0.480771,,0,,6.67
A70,19,2,10,16,15,0.666654,0.200060,0.543034,0.543006,,0,,8.33
A70,20,2,14,20,18,0.833321,0.200060,0.465600,0.465577,,0,,11.67
A70,21,2,17,21,20,0.874989,0.200060,0.547704,0.547676,,0,,14.17
A70,22,2,18,22,20,0.916656,0.200060,0.582317,0.582317,,0,,15.00
A70,23,2,18,22,20,0.916656,0.200060,0.498693,0.498693,,0,,15.00
A70,24,2,18,22,20,0.916656,0.200060,0.507632,0.507606,,0,,15.00
A70,25,2,19,22,21,0.916657,0.200060,0.559952,0.559952,,0,,15.83
A70,26,2,20,23,21,0.958324,0.200060,0.584988,0.584988,,0,,16.67
A70,27,2,20,23,21,0.958324,0.200060,0.603851,0.603851,,0,,16.67
A70,28,2,23,23,24,0.958333,0.199961,0.627768,0.627737,,0,,19.17
A70,29,2,23,23,24,0.958333,0.199862,0.714551,0.714551,,0,,19.17
A70,30,2,23,23,24,0.958333,0.199862,0.723526,0.723526,,0,,19.17
A70,31,2,23,23,24,0.958333,0.199862,0.739335,0.739335,,0,,19.17
A70,32,2,24,24,24,1.000000,0.199862,0.584364,0.584335,0.767690,1,session-escalated,20.00
A70,33,3,5,5,24,0.208333,0.199862,0.786660,0.786660,,0,,24.17
A70,34,3,8,8,24,0.333333,0.199862,0.683708,0.683673,,0,,26.67
A70,35,3,10,10,24,0.416667,0.199842,0.636240,0.636240,,0,,28.33
A70,36,3,12,12,24,0.500000,0.199682,0.637632,0.637600,,0,,30.00
A70,37,3,16,16,24,0.666667,0.199682,0.761012,0.761012,,0,,33.33
A70,38,3,19,19,24,0.791667,0.199681,0.694911,0.694911,,0,,35.83
A70,39,3,19,19,24,0.791667,0.199681,0.780732,0.780692,,0,,35.83
A70,40,3,19,19,24,0.791667,0.199681,0.591115,0.591115,,0,,35.83
A70,41,3,20,20,24,0.833333,0.199682,0.744296,0.744296,,0,,36.67
A70,42,3,22,22,24,0.916667,0.199682,0.696771,0.696736,,0,,38.33
A70,43,3,22,22,24,0.916667,0.199662,0.716436,0.716400,,0,,38.33
A70,44,3,22,22,24,0.916667,0.199662,0.674876,0.674876,,0,,38.33
A70,45,3,22,22,24,0.916667,0.199662,0.643013,0.643013,,0,,38.33
A70,46,3,24,24,24,1.000000,0.199662,0.697407,0.697372,0.824032,1,session-escalated,40.00
A70,47,4,7,7,24,0.291667,0.199662,0.737160,0.737160,,0,,45.83
A70,48,4,11,11,24,0.458333,0.199662,0.740275,0.740275,,0,,49.17
A70,49,4,14,14,24,0.583333,0.199662,0.684021,0.684021,,0,,51.67
A70,50,4,19,19,24,0.791667,0.199662,0.666482,0.666449,,0,,55.83
A70,51,4,20,20,24,0.833333,0.199612,0.732234,0.732234,,0,,56.67
A70,52,4,21,21,24,0.875000,0.199612,0.797146,0.797105,,0,,57.50
A70,53,4,21,21,24,0.875000,0.199612,0.723755,0.723755,,0,,57.50
A70,54,4,23,23,24,0.958333,0.199552,0.801347,0.801347,,0,,59.17
A70,55,4,23,23,24,0.958333,0.199552,0.810966,0.810966,,0,,59.17
A70,56,4,24,24,24,1.000000,0.199552,0.677119,0.677119,0.852115,1,session-escalated,60.00
A70,57,5,9,9,24,0.375000,0.199326,0.804231,0.804231,,0,,67.50
A70,58,5,17,17,24,0.708333,0.199326,0.841068,0.841026,,0,,74.17
A70,59,5,19,19,24,0.791667,0.199326,0.837530,0.837530,,0,,75.83
A70,60,5,22,22,24,0.916667,0.199326,0.784883,0.784844,,0,,78.33
A70,61,5,23,23,24,0.958333,0.199326,0.802854,0.802854,,0,,79.17
A70,62,5,23,23,24,0.958333,0.199326,0.833710,0.833710,,0,,79.17
A70,63,5,23,23,24,0.958333,0.199192,0.817026,0.817026,,0,,79.17
A70,64,5,24,24,24,1.000000,0.199192,0.817026,0.817026,0.895728,1,session-escalated,80.00
A70,65,6,10,10,24,0.416667,0.198718,0.841571,0.841529,,0,,88.33
A70,66,6,12,12,24,0.500000,0.198718,0.844766,0.844766,,0,,90.00
A70,67,6,19,19,24,0.791667,0.198718,0.840939,0.840897,,0,,95.83
A70,68,6,21,21,24,0.875000,0.197505,0.951529,0.951481,,0,,97.50
A70,69,6,21,21,24,0.875000,0.197505,0.994748,0.994698,,0,,97.50
A70,70,6,24,24,24,1.000000,0.197505,1.000000,0.999899,0.920422,0,,100.00
B71,1,2,0,2,0,0.026049,1.000000,0.452775,0.452775,,0,,0.00
B71,2,2,0,3,0,0.060792,0.999901,0.396433,0.396433,,0,,0.00
B71,3,2,0,4,0,0.095520,0.999900,0.435145,0.435145,,0,,0.00
B71,4,2,0,5,0,0.147614,0.999801,0.561805,0.561805,,0,,0.00
B71,5,2,0,6,0,0.195359,0.999801,0.626086,0.626086,,0,,0.00
B71,6,2,6,6,12,0.250000,0.250101,0.614677,0.614677,,0,,5.00
B71,7,2,6,6,12,0.250000,0.250101,0.614677,0.614677,,0,,5.00
B71,8,2,6,6,12,0.250000,0.250101,0.638106,0.638106,,0,,5.00
B71,9,2,6,6,12,0.250000,0.250101,0.560442,0.560442,,0,,5.00
B71,10,2,6,6,12,0.250000,0.200141,0.656139,0.656139,,0,,5.00
B71,11,2,6,6,12,0.250000,0.200141,0.630913,0.630913,,0,,5.00
B71,12,2,6,6,12,0.250000,0.200141,0.519519,0.519519,,0,,5.00
B71,13,2,6,6,12,0.250000,0.200101,0.537367,0.537367,,0,,5.00
B71,14,2,6,6,24,0.250000,0.166818,0.607557,0.607557,,0,,5.00
B71,15,2,6,6,24,0.250000,0.166818,0.609087,0.609087,,0,,5.00
B71,16,2,10,10,24,0.416667,0.166818,0.608702,0.608702,,0,,8.33
B71,17,2,13,13,24,0.541667,0.166718,0.594957,0.594957,,0,,10.83
B71,18,2,15,15,24,0.625000,0.166718,0.720299,0.720299,,0,,12.50
B71,19,2,18,18,24,0.750000,0.166718,0.707347,0.707347,,0,,15.00
B71,20,2,19,19,24,0.791667,0.166719,0.607078,0.607078,,0,,15.83
B71,21,2,19,19,24,0.791667,0.166619,0.711894,0.711894,,0,,15.83
B71,22,2,20,20,24,0.833333,0.166618,0.672969,0.672969,,0,,16.67
B71,23,2,21,21,24,0.875000,0.166617,0.699786,0.699786,,0,,17.50
B71,24,2,23,23,24,0.958333,0.166617,0.618438,0.618438,,0,,19.17
B71,25,2,23,23,24,0.958333,0.166617,0.719570,0.719570,,0,,19.17
B71,26,2,23,23,24,0.958333,0.166617,0.755486,0.755486,,0,,19.17
B71,27,2,23,23,24,0.958333,0.166617,0.777144,0.777144,,0,,19.17
B71,28,2,24,24,24,1.000000,0.166617,0.748819,0.748819,0.761880,1,session-escalated,20.00
B71,29,3,6,6,24,0.250000,0.166617,0.799105,0.799105,,0,,25.00
B71,30,3,11,11,24,0.458333,0.166617,0.881853,0.881853,,0,,29.17
B71,31,3,12,12,24,0.500000,0.166617,0.780087,0.780087,,0,,30.00
B71,32,3,15,15,24,0.625000,0.166617,0.844880,0.844880,,0,,32.50
B71,33,3,16,16,24,0.666667,0.166617,0.710258,0.710258,,0,,33.33
B71,34,3,17,17,24,0.708333,0.166617,0.882300,0.882300,,0,,34.17
B71,35,3,19,19,24,0.791667,0.166617,0.842626,0.842626,,0,,35.83
B71,36,3,21,21,24,0.875000,0.166617,0.843288,0.843288,,0,,37.50
B71,37,3,21,21,24,0.875000,0.166617,0.709551,0.709551,,0,,37.50
B71,38,3,22,22,24,0.916667,0.166617,0.870955,0.870955,,0,,38.33
B71,39,3,22,22,24,0.916667,0.166617,0.835176,0.835176,,0,,38.33
B71,40,3,23,23,24,0.958333,0.166617,0.864193,0.864193,,0,,39.17
B71,41,3,23,23,24,0.958333,0.166509,0.892909,0.892909,,0,,39.17
B71,42,3,23,23,24,0.958333,0.166509,0.876784,0.876784,,0,,39.17
B71,43,3,23,23,24,0.958333,0.165303,0.876052,0.876052,,0,,39.17
B71,44,3,23,23,24,0.958333,0.165303,0.894472,0.894472,,0,,39.17
B71,45,3,23,23,24,0.958333,0.165303,0.862513,0.862513,,0,,39.17
B71,46,3,23,23,24,0.958333,0.164006,0.887236,0.887236,,0,,39.17
B71,47,3,23,23,24,0.958333,0.164006,0.902211,0.902211,,0,,39.17
B71,48,3,23,23,24,0.958333,0.123753,0.904824,0.904824,,0,,39.17
B71,49,3,24,24,24,1.000000,0.123753,0.899643,0.899643,0.943630,1,session-escalated,40.00
B71,50,4,5,5,24,0.208333,0.108755,0.910754,0.910754,,0,,44.17
B71,51,4,10,10,24,0.416667,0.080457,0.897387,0.897387,,0,,48.33
B71,52,4,14,14,24,0.583333,0.080457,0.916683,0.916683,,0,,51.67
B71,53,4,17,17,24,0.708333,0.080077,0.911457,0.911457,,0,,54.17
B71,54,4,20,20,24,0.833333,0.074990,0.923893,0.923893,,0,,56.67
B71,55,4,20,20,24,0.833333,0.024776,0.925427,0.925427,,0,,56.67
B71,56,4,21,21,24,0.875000,0.022169,0.926533,0.926533,,0,,57.50
B71,57,4,21,21,24,0.875000,0.000126,0.951256,0.951256,,0,,57.50
B71,58,4,22,22,24,0.916667,0.000125,0.948643,0.948643,,0,,58.33
B71,59,4,23,23,24,0.958333,0.000125,0.948643,0.948643,,0,,59.17
B71,60,4,23,23,24,0.958333,0.000125,0.948643,0.948643,,0,,59.17
B71,61,4,23,23,24,0.958333,0.000125,0.948643,0.948643,,0,,59.17
B71,62,4,23,23,24,0.958333,0.000125,0.948643,0.948643,,0,,59.17
B71,63,4,23,23,24,0.958333,0.000150,0.947437,0.947437,,0,,59.17
B71,64,4,23,23,24,0.958333,0.000062,0.950828,0.950828,,0,,59.17
B71,65,4,23,23,24,0.958333,0.000072,0.959799,0.959799,,0,,59.17
B71,66,4,23,23,24,0.958333,0.000041,0.959799,0.959799,,0,,59.17
B71,67,4,23,23,24,0.958333,0.000049,0.959497,0.959497,,0,,59.17
B71,68,4,23,23,24,0.958333,0.000049,0.959497,0.959497,,0,,59.17
B71,69,4,23,23,24,0.958333,0.000049,0.959497,0.959497,,0,,59.17
B71,70,4,23,23,24,0.958333,0.000049,0.959497,0.959497,,0,,59.17
B71,71,4,24,24,24,1.000000,0.000062,1.000000,1.000000,0.999977,0,,60.00
