id,band,album,mb_release_group_id,status,release_group_genres
f8707379-3f75-4770-a3a0-593d0d7c960d,Solace,Fading Failing Ruin,ccf1ac3b-e1a2-47a8-ba60-6a7b04957799,ok,
4c4b0880-97f8-473d-b1e2-ee0a28b4f461,Carbon Tomb,Passage to a Neutron Star,a01e20e0-f987-4680-8ca6-5edd0e4e113c,ok,
bea061b0-da0f-477d-892d-7324396ddf69,Sunscorched,Blood of the Badlands,b0ccdcaf-544c-4d0c-941d-58b4854a6d80,ok,
69b6f41e-7084-4ec9-adc9-17d79fcf8e80,Ruyned,Profanum Sacrificium,579ae995-6749-475d-9592-f73ad0f45927,ok,
f6c21e72-2db7-4922-b2ad-e1f1d6095d8a,Solothurn,High Priestess,f59990d1-acaa-4498-810f-765f3483a26b,ok,
a8a000be-5d43-4b9a-8404-ea2b09885ec8,Aspen Sanctum,To Withhold the Need to Conquer,56fdcc63-1047-4c29-ad49-eeaf7dd0eaa5,ok,
6fd82ee4-b625-47d8-a9a8-30d55df603e5,Imperium,Exodus Unknown,f7e63139-db77-4c31-82d7-837d223dfbd1,ok,
c6d819e2-fb21-46fa-9022-085562ad91a8,Liminal Sky,All Tomorrow’s Darkness,89d6234a-864e-4706-8d96-463c4fb07bec,ok,
633142c9-e951-48df-b0fd-fa76da901dae,Exploring Birdsong,Every House We Built,aeb92d14-1d80-4d59-b638-8f96d812cb6d,ok,
39c12ecb-7083-42e7-a65c-3d547dc44e23,Illwind,The Unfolding at the End of Light,f6b3cd86-90be-462c-9b3e-2402e1c500f3,ok,
39568411-4a55-4161-9f46-4bbbbc02176d,Duir,Catarsi,8b8eb709-4970-4199-a485-170b909ea029,ok,
ef78eede-b59f-45ed-8e8f-b937e122d04a,Spread the Disease,The Darkness. The Dread. The Suffering.,29fe01ee-f16c-4237-ba78-5d07547e0b88,ok,
9b7ec580-19b0-465a-b9e5-f2f7949ed0cc,Cranial Osteotomy,Vortex of the Dark Knowledge,bce51c5f-765c-4365-aca0-cbb3b46f0c2b,ok,brutal death metal
72ad29f1-8496-4140-a409-dff32a5d819c,Arise from Worms,A Bleeding Tree Hanging Self Destruction,29b28157-22a7-44b4-b6df-6f1cec8b5259,ok,technical death metal
e2114f71-8d47-48d2-8c8b-6c0d49d2d6cd,Iron Slaught,Metallic Torments,f703c01a-1c08-498d-8811-c78d0d363569,ok,
39dbf343-118c-4a7f-8ac3-62d205de6430,Complexant,Apex,660d2ae4-b293-4160-ad8f-4e1a8eb1be8a,ok,
be8a25d2-47bf-45f5-9778-7ca4e9518bd1,A World Worth Burning,The Sky Was Colored as Hammered Lead,e48049ba-2820-4b30-a02f-9ade618cbbfc,ok,
6a58bc19-941c-4cf2-be3f-d26afaf9cffd,Emptiness,Nowhere Speaks,5fda3bb6-5a8c-422a-8d7c-36ca54333a59,ok,
219b4b19-0cbe-43f5-8d7e-673eb2349a76,Novareign,Shifting the Axis of the World,b08b3698-145c-4bf3-aad4-d03b6b81935a,ok,
baabc6a4-5c2d-4e82-8aae-6f8ddc9f9bcf,Only Echoes,Born Adrift,6f511c0b-084e-4a86-b553-06d6ebbf4385,ok,
65de10a2-ea20-4427-97cf-8a38df2a981b,Volubilis,Theasterion,9ad07b06-5caf-44b2-b9bc-8752fcfd43c3,ok,
f6720cc0-0a15-4e59-801b-1f5bbc248a94,Forsmán,Brenndar Rústir & Fuðrandi Fjörur,fd572a21-5e1f-4e66-ae44-53c953061de4,ok,black metal
d44779a1-546f-44d2-91fd-ac053b1a940a,De L'Abîme Naît L'Aube,Rituel : Initiation,d7122e18-7a78-4e39-9e1f-11139ce55554,ok,doom metal; metal
39bbc4b5-c7c8-4bbc-8063-df735c47a455,Entropist,The Vision,e7e230df-7823-464b-a0c0-93c6553ac535,ok,
15dc6c24-739a-4ade-bd0a-9fdc519a561c,Truck Violence,The Weathervane Is My Body,32ebbeeb-d73e-4f1f-b6a1-05b8703d34b0,ok,
18a878a3-781e-4c43-9622-d24c7b75e9d7,Holissstik,Chapter 1: This Endless Solitude,ec770492-ce07-4b28-b9f2-f9efb7500977,ok,
161cd693-5e47-4ce0-8a77-c8124b2d8eea,Slime Dimension,Slime Dimension,0db58bbc-0d47-4019-8e1c-ef6450b9831a,ok,
cc9a9f95-76c9-4fff-8b2f-61f31ea3de79,Soulgrind,Ad Pulchram Mortem,f3075192-db3b-4157-9fe1-5f88d35062de,ok,
86780714-fa24-4d45-be36-cf478def5074,Coffin Hunters,Cosmic Dawn,27a86fa8-5581-408e-bb75-e30f491e6e53,ok,
e032bd62-3698-420c-890e-9203f7a6b55b,Temple Guard,Citadel In Flames,8a2fa4c5-3573-48d1-bb1c-2cf615ab9a2d,ok,
2a15086c-79f5-4ab8-976c-753db7c9d791,Tyraels Ascension,Grave Seeker,d2077e8b-4121-4709-9e8b-61a6d164f44e,ok,
34a53a28-7415-4cd4-a0f4-5c39417b0b4a,Svjetlost,The Forever Silent,752f8c23-28d6-467c-bf96-c6c0227c85dd,ok,
f6de4d56-91da-4c5a-8044-c3a49bf93572,Torpor,Đungeon Đescent,28fe0016-d793-4d7e-befd-bc8ff8aad629,ok,
772a0f77-9cde-41e7-a077-b91e758b6c09,Eaten by Sharks,The Undertow of Hate,02aee3be-acb2-46d9-961c-46ec8fc73a65,ok,
b0d80c8c-4253-47f4-9ee5-34692d3bdf38,Jess By The Lake,Human,fe13b49f-5384-4d51-9800-7fda4f2aa596,ok,
4d12b5ef-0296-4351-ae6b-c6318c80239f,Lord Carrion,Man Made Hell,6e90f384-164c-424c-b323-e538c57c2fb1,ok,
b7bffa8e-8210-455b-aa21-fda7483e523f,Sinsid,All That Remains,9841fc98-3841-4db0-890f-ccfa7b950ff0,ok,
0d1dd9cc-13d3-4483-a5df-afb25be22c48,Emily Steinwall,"but, there’s beauty in the fall from Grace",8b91f06e-ca2b-455e-9fa1-84d72960b84a,ok,
8107a1c4-56f7-481c-87ad-c3025320316e,Labor of the Negative,The Triumph of Time and the Disillusioned,f497ed74-a656-4c5c-b8f0-9cf47c817424,ok,
624cd022-9297-4845-a64e-f9347a821374,slq,Crown Shyness,3c2ae571-c4d8-45c0-a6e9-11497637b5c0,ok,
9eac385b-4fd5-41c7-9348-b63dc2bf1e31,Fractal Sun,Divergent Paradox,af79a988-8803-4372-a62c-95f60c3fd1e4,ok,
432539eb-8802-4799-a798-e44974c9bb7b,Saprovore,Numinous Abditory Deflagration,68f8ae7f-fe4e-4fc0-9a97-3c76da29f6f3,ok,
85e41b20-09e9-4034-9d19-678ab910b081,Daydream Plus,Second Last Day of Summer,2c2b9c69-8cb8-4428-b166-0a7c9e5ea858,ok,
f142f543-92f9-4518-a6ef-1b56b3a8414a,Hours of Worship,Resignation,5cd8a0a7-c046-4b0e-bfa5-e3adb87dd3d8,ok,
03ed2619-71ce-4eff-a8d7-284ec1bd90cb,Fane,Armageddon Scars,f364e31b-2077-49ac-90ee-a7f58d5bed17,ok,
61100bda-09ff-48ea-a6a2-f385b7971cf8,The Absolution Sequence,Dread Cycle,de62f617-cbcd-49c1-9798-3862b9f730b7,ok,
be85ae7f-4395-41be-b57a-cb8dc17f08d1,Megascavenger,Toxic Noxious Undeath,d6979c36-10d7-4f32-b6ba-37b68441a47c,ok,
3798d8f5-3631-482e-8208-514dffd101c8,Ledmotiv,The Ghost of Carrion,e629a201-5e0e-4dab-84fc-eb0eb9446523,ok,
8002db17-93ec-4be3-a89f-f7452ba6cb41,Apostle,A Splinter In The Infinite Noumenon,7a7cfcef-0c5a-450a-831e-07c0365a4d43,ok,blackgaze
4f474e07-2d3b-4461-bbd3-dc45ed5434c4,DJ URUTAU,Ornitofagia,3f202465-f99c-4df0-b526-f0dec1bb29a3,ok,
b77931c4-7d48-4bd7-992e-9387842b2e08,Season of Melancholy,In Sleep,c519e4a5-ee12-4fb5-8124-c4fd33c487d6,ok,
70acadb4-42d4-4a31-8d3d-2cd3df440e71,Ninth Realm,Damnation’s Veil,75083601-1fc4-4077-8fa8-52c2e2bebd96,ok,
9e2103d5-5033-4d8e-b767-5d1948ac6d48,Mourning Wood,Rise & Shine,ddac0ef5-dc12-4b2c-9ac2-26ca92cc804b,ok,
efb245b5-4381-4737-8f37-470762ce8a9f,Deceptor,Reign of Terror,30aaf065-3dc3-4538-baf8-cf83be90d9c1,ok,
23bb214f-4145-4989-9e78-c3dbe53cb5bd,Hanternoz,"A Hed an Noz, a Noz, a Noz",4cb67097-9771-461b-8e99-3b39a76b465a,ok,
27e872e5-1aed-4cff-b3c2-ae45df8db1e9,Mourir,"Nous, Le Venin",a413c0a3-2ba7-4421-a816-0a851df0f5ac,ok,
9193cc18-ba59-44be-85d3-5cdd09ee8505,Shabti,"Haze, Cacophony, and White Light",abe46a26-024e-4206-848b-08d3b8eff4c5,ok,
3bd1508a-0dee-493f-a2e6-ddd5a84c5189,Grey Shores,Dark Waters of Night,a6d5279c-bec1-4b9d-82d9-634eeb5285c0,ok,
a3c4434b-2fab-4747-89c0-06c21aafff2e,Agonanist,The Spirit of Gravity,015c7e1a-613e-41dc-8cf7-04c6e61abd2e,ok,
abae4b47-2902-4c2a-a8ef-9e88ef92ff45,A Night In Texas,The Darkest Side of Humanity,8ff4eb4d-393c-424d-b4b9-3f7ffa4b6224,ok,
ee583b7a-d689-4fad-b018-a972389753f4,Left Eye Perspective,Horizons,d27f08f1-5bfc-44da-8dba-0cc1256ac8fb,ok,
0208431a-5547-413d-b1b0-c818bfd6a8cc,Urakka,The Bridge,31001261-8fe7-426d-894d-7595c9c9cc06,ok,
