trace,kind,round,accuracy,tier,degree,avg_coverage_width,tau_vs_true,symdiff_vs_true,tau_vs_final,symdiff_vs_final,tau_vs_prev,symdiff_vs_prev
#1 uniform,oracle,1,0.111905,insufficient,2,0.833334,0.613332,14,0.544036,12,,
#1 uniform,oracle,2,0.200000,insufficient,2,0.666667,0.647066,6,0.572597,10,0.488814,12
#1 uniform,oracle,3,0.320238,insufficient,2,0.500000,0.640775,6,0.601268,10,0.664658,2
#1 uniform,oracle,4,0.541904,insufficient,2,0.333334,0.688236,4,0.594124,10,0.664791,8
#1 uniform,oracle,5,0.756348,high,2,0.125001,0.768645,6,0.685716,10,0.591191,8
#1 uniform,oracle,6,0.756349,high,2,0.125001,0.793134,10,0.682869,12,0.829471,4
#1 uniform,oracle,7,0.756349,high,2,0.125001,0.792895,10,0.684390,12,0.987040,0
#1 uniform,oracle,8,0.756349,high,2,0.125001,0.792916,10,0.684440,12,0.986787,0
#1 uniform,oracle,9,0.756349,high,2,0.125000,0.807711,6,0.698576,10,0.745747,6
#1 uniform,oracle,10,0.756349,high,2,0.125000,0.797335,2,0.701067,10,0.766388,6
#1 uniform,oracle,11,0.756349,high,2,0.125000,0.798947,2,0.703326,10,0.982884,0
#1 uniform,oracle,12,0.756349,high,2,0.125000,0.815296,2,0.698963,8,0.777860,4
#1 uniform,oracle,13,0.756349,high,2,0.125000,0.799699,2,0.683263,8,0.896184,2
#1 uniform,oracle,14,0.756349,high,2,0.125000,0.789017,8,0.692880,10,0.802856,6
#1 uniform,oracle,15,0.756349,high,2,0.125000,0.762095,4,0.680380,12,0.631313,8
#1 uniform,oracle,16,0.758730,high,2,0.125000,0.760429,4,0.678924,12,0.985148,0
#1 uniform,oracle,17,0.758730,high,2,0.125000,0.768558,4,0.700450,10,0.823183,2
#1 uniform,oracle,18,0.758730,high,2,0.125000,0.761636,4,0.680250,10,0.823734,0
#1 uniform,oracle,19,0.758730,high,2,0.125000,0.760429,4,0.678924,12,0.984602,2
#1 uniform,oracle,20,0.763889,high,2,0.125000,0.768558,4,0.700450,10,0.823183,2
#1 uniform,oracle,21,0.767857,high,2,0.125000,0.760865,4,0.678773,10,0.823657,0
#1 uniform,oracle,22,0.769047,high,2,0.125000,0.833651,6,0.711949,10,0.644743,8
#1 uniform,oracle,23,0.769047,high,2,0.125000,0.834063,6,0.711302,10,0.987962,0
#1 uniform,oracle,24,0.773016,high,2,0.125000,0.698875,8,0.692390,4,0.659169,10
#1 uniform,oracle,25,0.774206,high,2,0.125000,0.715251,4,0.705651,4,0.796440,6
#1 uniform,oracle,26,0.776984,high,2,0.125000,0.698799,8,0.692319,4,0.796188,6
#1 uniform,oracle,27,0.776984,high,2,0.125000,0.715692,4,0.704294,4,0.795469,6
#1 uniform,oracle,28,0.776984,high,2,0.125000,0.737753,12,0.756879,8,0.720677,8
#1 uniform,oracle,29,0.776984,high,2,0.125000,0.699850,8,0.691811,4,0.796383,6
#1 uniform,oracle,30,0.794841,high,2,0.121528,0.698459,8,0.691892,4,0.983741,0
#1 uniform,oracle,31,0.794841,high,3,0.121528,0.714665,4,0.704849,4,0.795713,4
#1 uniform,oracle,32,0.823809,high,3,0.121528,0.894879,4,0.733391,12,0.661034,8
#1 uniform,oracle,33,0.823809,high,3,0.121528,0.895464,4,0.732922,12,0.981648,0
#1 uniform,oracle,34,0.844841,high,3,0.121528,0.895268,4,0.732859,12,0.986157,0
#1 uniform,oracle,35,0.861904,veryHigh,3,0.121528,0.893338,4,0.732077,12,0.983965,0
#1 uniform,oracle,36,0.861904,veryHigh,3,0.121528,0.895841,4,0.733007,12,0.984559,0
#1 uniform,oracle,37,0.861904,veryHigh,3,0.121528,0.893338,4,0.732077,12,0.984559,0
#1 uniform,oracle,38,0.885317,veryHigh,3,0.121528,0.894411,4,0.732905,12,0.983097,0
#1 uniform,oracle,39,0.885317,veryHigh,3,0.121528,0.893278,4,0.732012,12,0.983046,0
#1 uniform,oracle,40,0.885317,veryHigh,3,0.121528,0.893278,4,0.732012,12,0.981910,0
#1 uniform,oracle,41,0.938095,veryHigh,3,0.041667,0.896078,4,0.733218,12,0.984057,2
#1 uniform,oracle,42,0.938095,veryHigh,3,0.041667,0.885122,4,0.726348,12,0.973041,2
#1 uniform,oracle,43,0.938095,veryHigh,3,0.041667,0.887787,4,0.727867,12,0.966814,0
#1 uniform,oracle,44,0.938095,veryHigh,3,0.041667,0.851259,8,0.964461,2,0.730466,12
#1 uniform,oracle,45,0.938095,veryHigh,3,0.041667,0.885359,4,0.726532,12,0.728136,12
#1 uniform,oracle,46,0.938095,veryHigh,3,0.041667,0.850029,8,0.963196,0,0.727817,12
#1 uniform,oracle,47,0.938095,veryHigh,3,0.041667,0.885905,4,0.727050,12,0.727800,12
#1 uniform,oracle,48,0.938095,veryHigh,3,0.041667,0.850325,8,0.963514,0,0.727997,12
#1 uniform,oracle,49,0.938095,veryHigh,3,0.041667,0.850325,8,0.963514,0,0.964724,0
#1 uniform,oracle,50,0.938095,veryHigh,3,0.041667,0.851488,8,0.964611,2,0.965729,2
#1 uniform,oracle,51,0.938095,veryHigh,3,0.041667,0.851488,8,0.964611,2,0.967286,0
#1 uniform,oracle,52,0.938095,veryHigh,4,0.041667,0.849166,8,0.962270,0,0.964581,2
#1 uniform,oracle,53,0.938095,veryHigh,4,0.041667,0.849166,8,0.962270,0,0.962161,0
#1 uniform,oracle,54,0.938095,veryHigh,4,0.041667,0.884246,4,0.725589,12,0.725728,12
#1 uniform,oracle,55,0.928968,veryHigh,4,0.041667,0.885311,4,0.726495,12,0.964021,0
#1 uniform,oracle,56,0.938095,veryHigh,4,0.041667,0.884246,4,0.725589,12,0.964021,0
#1 uniform,oracle,57,0.938095,veryHigh,4,0.041667,0.886904,4,0.727157,12,0.965586,0
#1 uniform,oracle,58,0.938169,veryHigh,4,0.041617,0.887047,4,0.727410,12,0.968599,0
#1 uniform,oracle,59,0.938169,veryHigh,4,0.041617,0.851671,8,0.964982,0,0.728612,12
#1 uniform,oracle,60,0.938169,veryHigh,4,0.041617,0.885027,4,0.725847,12,0.727963,12
#1 uniform,oracle,61,0.938169,veryHigh,4,0.041617,0.886761,4,0.727835,12,0.966270,0
#1 uniform,oracle,62,0.938169,veryHigh,4,0.041617,0.851191,8,0.964384,2,0.728901,12
#1 uniform,oracle,63,0.938243,veryHigh,4,0.041568,0.886761,4,0.727835,12,0.728901,12
#1 uniform,oracle,64,0.938243,veryHigh,4,0.041568,0.886785,4,0.727175,12,0.968101,0
#1 uniform,oracle,65,0.938243,veryHigh,5,0.041568,0.850712,8,0.963880,2,0.729781,12
#1 uniform,oracle,66,0.938243,veryHigh,5,0.041568,0.849302,8,0.962462,0,0.963880,2
#1 uniform,oracle,67,0.938243,veryHigh,5,0.041567,0.849234,8,0.962339,0,0.962339,0
#1 uniform,oracle,68,0.938243,veryHigh,5,0.041567,0.849302,8,0.962462,0,0.962339,0
#1 uniform,oracle,69,0.938243,veryHigh,5,0.041567,0.850666,8,0.963882,0,0.963882,0
#1 uniform,oracle,70,0.938243,veryHigh,5,0.041567,0.849234,8,0.962339,0,0.963826,0
#1 uniform,oracle,71,0.938243,veryHigh,5,0.041567,0.850666,8,0.963882,0,0.963826,0
#1 uniform,oracle,72,0.929115,veryHigh,5,0.041567,0.849234,8,0.962339,0,0.963826,0
#1 uniform,oracle,73,0.938243,veryHigh,5,0.041567,0.849234,8,0.962339,0,0.962312,0
#1 uniform,oracle,74,0.929115,veryHigh,6,0.041567,0.849302,8,0.962462,0,0.962339,0
#1 uniform,oracle,75,0.938243,veryHigh,6,0.041567,0.850666,8,0.963882,0,0.963882,0
#1 uniform,oracle,76,0.938243,veryHigh,6,0.041567,0.850666,8,0.963882,0,0.965477,0
#1 uniform,oracle,77,0.938243,veryHigh,6,0.041567,0.849234,8,0.962339,0,0.963826,0
#1 uniform,oracle,78,0.938243,veryHigh,6,0.041567,0.849234,8,0.962339,0,0.962312,0
#1 uniform,oracle,79,0.938243,veryHigh,6,0.041567,0.849302,8,0.962462,0,0.962339,0
#1 uniform,oracle,80,0.938243,veryHigh,6,0.041567,0.849302,8,0.962462,0,0.962462,0
#2 single-dominant,oracle,1,0.104833,insufficient,2,0.916588,0.650804,10,0.648316,8,,
#2 single-dominant,oracle,2,0.144512,insufficient,2,0.833263,0.376372,6,0.526482,8,0.414062,12
#2 single-dominant,oracle,3,0.194507,insufficient,2,0.749938,0.359714,6,0.531127,6,0.689624,8
#2 single-dominant,oracle,4,0.271880,insufficient,2,0.666613,0.334049,6,0.525614,8,0.510463,8
#2 single-dominant,oracle,5,0.342666,insufficient,2,0.576344,0.341988,12,0.571196,12,0.774855,8
#2 single-dominant,oracle,6,0.417897,insufficient,2,0.520794,0.359661,2,0.608624,4,0.761094,14
#2 single-dominant,oracle,7,0.461464,insufficient,2,0.451357,0.354321,4,0.589822,4,0.872685,2
#2 single-dominant,oracle,8,0.528600,insufficient,2,0.376364,0.350315,8,0.549871,8,0.570831,8
#2 single-dominant,oracle,9,0.577008,insufficient,2,0.298594,0.350109,8,0.549681,8,0.986074,0
#2 single-dominant,oracle,10,0.577008,insufficient,2,0.298594,0.349628,8,0.549353,8,0.987250,0
#2 single-dominant,oracle,11,0.577008,insufficient,2,0.298594,0.401816,4,0.642907,6,0.581590,8
#2 single-dominant,oracle,12,0.577008,insufficient,2,0.298594,0.360230,8,0.591974,8,0.704228,6
#2 single-dominant,oracle,13,0.577008,insufficient,2,0.298594,0.344624,6,0.576122,8,0.761041,4
#2 single-dominant,oracle,14,0.577008,insufficient,2,0.298594,0.366915,4,0.602375,8,0.661721,2
#2 single-dominant,oracle,15,0.577008,insufficient,2,0.298594,0.368506,4,0.603604,8,0.989071,0
#2 single-dominant,oracle,16,0.578613,insufficient,2,0.298582,0.500825,12,0.646633,8,0.537058,12
#2 single-dominant,oracle,17,0.578631,insufficient,2,0.298569,0.342417,8,0.542362,4,0.717151,6
#2 single-dominant,oracle,18,0.578649,insufficient,2,0.298557,0.406778,10,0.565437,6,0.651513,6
#2 single-dominant,oracle,19,0.578649,insufficient,2,0.298557,0.406778,10,0.565437,6,0.995377,0
#2 single-dominant,oracle,20,0.579443,insufficient,2,0.298557,0.387553,4,0.631961,4,0.585859,8
#2 single-dominant,oracle,21,0.582619,insufficient,2,0.298557,0.393653,12,0.602738,10,0.760592,10
#2 single-dominant,oracle,22,0.584206,insufficient,2,0.298557,0.372534,12,0.630539,12,0.678748,14
#2 single-dominant,oracle,23,0.586778,insufficient,2,0.298540,0.353632,12,0.518966,10,0.588905,14
#2 single-dominant,oracle,24,0.592729,insufficient,2,0.298540,0.353922,12,0.519553,10,0.998190,0
#2 single-dominant,oracle,25,0.612714,insufficient,2,0.298540,0.368569,12,0.520824,10,0.753239,2
#2 single-dominant,oracle,26,0.614302,insufficient,2,0.298540,0.339892,12,0.507728,10,0.724080,2
#2 single-dominant,oracle,27,0.623915,insufficient,2,0.298538,0.353781,12,0.519321,10,0.832688,0
#2 single-dominant,oracle,28,0.623915,insufficient,2,0.298538,0.339696,12,0.507485,10,0.832709,0
#2 single-dominant,oracle,29,0.624180,insufficient,2,0.298538,0.426949,10,0.704706,6,0.561872,6
#2 single-dominant,oracle,30,0.635818,insufficient,2,0.298538,0.442324,12,0.714254,8,0.917109,2
#2 single-dominant,oracle,31,0.654863,insufficient,2,0.298538,0.442828,12,0.714232,8,0.995574,2
#2 single-dominant,oracle,32,0.654863,insufficient,2,0.298538,0.427564,10,0.706551,6,0.917772,2
#2 single-dominant,oracle,33,0.654863,insufficient,2,0.298538,0.427442,10,0.706563,6,0.993938,0
#2 single-dominant,oracle,34,0.676034,insufficient,2,0.298517,0.448655,10,0.718525,6,0.963948,0
#2 single-dominant,oracle,35,0.688658,insufficient,2,0.284305,0.429816,12,0.733545,8,0.929176,2
#2 single-dominant,oracle,36,0.688658,insufficient,2,0.284305,0.449515,10,0.719433,6,0.929503,2
#2 single-dominant,oracle,37,0.688658,insufficient,2,0.284305,0.448553,10,0.718142,6,0.992152,0
#2 single-dominant,oracle,38,0.705955,insufficient,2,0.256191,0.448906,10,0.718241,6,0.991552,0
#2 single-dominant,oracle,39,0.706404,insufficient,2,0.255801,0.433059,10,0.746130,6,0.896125,2
#2 single-dominant,oracle,40,0.706404,insufficient,2,0.255801,0.433059,10,0.746130,6,0.991156,0
#2 single-dominant,oracle,41,0.706404,insufficient,2,0.255801,0.504690,8,0.806541,6,0.801569,4
#2 single-dominant,oracle,42,0.706657,insufficient,2,0.255580,0.497190,8,0.813390,6,0.985435,0
#2 single-dominant,oracle,43,0.706657,insufficient,2,0.255580,0.497190,8,0.813390,6,0.993869,0
#2 single-dominant,oracle,44,0.706657,insufficient,2,0.255580,0.497190,8,0.813390,6,0.993869,0
#2 single-dominant,oracle,45,0.706657,insufficient,2,0.255580,0.497203,8,0.813410,6,0.993893,0
#2 single-dominant,oracle,46,0.706657,insufficient,2,0.255580,0.497203,8,0.813410,6,0.993920,0
#2 single-dominant,oracle,47,0.706657,insufficient,2,0.255580,0.497203,8,0.813410,6,0.993920,0
#2 single-dominant,oracle,48,0.709252,insufficient,2,0.253325,0.497305,8,0.813503,6,0.994017,0
#2 single-dominant,oracle,49,0.709252,insufficient,2,0.253325,0.497292,8,0.813524,6,0.994145,0
#2 single-dominant,oracle,50,0.709252,insufficient,2,0.253325,0.497483,8,0.813953,6,0.993887,0
#2 single-dominant,oracle,51,0.712602,insufficient,2,0.250870,0.519811,8,0.826460,6,0.972542,0
#2 single-dominant,oracle,52,0.712612,insufficient,2,0.250862,0.552911,6,0.865606,2,0.945899,4
#2 single-dominant,oracle,53,0.712613,insufficient,2,0.250862,0.546196,6,0.862580,4,0.956128,2
#2 single-dominant,oracle,54,0.712637,insufficient,2,0.250842,0.554586,6,0.866768,4,0.985778,0
#2 single-dominant,oracle,55,0.712637,insufficient,2,0.250842,0.554586,6,0.866768,4,0.993819,0
#2 single-dominant,oracle,56,0.712637,insufficient,2,0.250842,0.554586,6,0.866768,4,0.993819,0
#2 single-dominant,oracle,57,0.712637,insufficient,2,0.250842,0.555735,8,0.869748,4,0.876038,4
#2 single-dominant,oracle,58,0.713879,insufficient,2,0.250837,0.565377,8,0.883610,4,0.973018,0
#2 single-dominant,oracle,59,0.719479,insufficient,2,0.240969,0.567319,8,0.886208,4,0.982509,0
#2 single-dominant,oracle,60,0.719479,insufficient,2,0.240969,0.567147,8,0.882112,4,0.979977,0
#2 single-dominant,oracle,61,0.719479,insufficient,2,0.240969,0.566645,8,0.885910,4,0.980616,0
#2 single-dominant,oracle,62,0.719479,insufficient,2,0.240969,0.566975,8,0.886457,4,0.984173,0
#2 single-dominant,oracle,63,0.719480,insufficient,2,0.240968,0.566688,8,0.885391,4,0.984223,2
#2 single-dominant,oracle,64,0.719480,insufficient,2,0.240968,0.566603,8,0.885756,4,0.981845,2
#2 single-dominant,oracle,65,0.719481,insufficient,2,0.240968,0.565377,8,0.883610,4,0.981268,2
#2 single-dominant,oracle,66,0.719481,insufficient,2,0.240968,0.565377,8,0.883610,4,0.979146,0
#2 single-dominant,oracle,67,0.719481,insufficient,2,0.240968,0.567118,8,0.882865,4,0.982161,0
#2 single-dominant,oracle,68,0.719481,insufficient,2,0.240968,0.566788,8,0.885644,4,0.983739,2
#2 single-dominant,oracle,69,0.719481,insufficient,2,0.240968,0.566817,8,0.882454,4,0.979594,0
#2 single-dominant,oracle,70,0.719481,insufficient,2,0.240968,0.566788,8,0.880302,4,0.984117,0
#2 single-dominant,oracle,71,0.719481,insufficient,2,0.240968,0.566874,8,0.879770,4,0.984263,0
#2 single-dominant,oracle,72,0.719481,insufficient,2,0.240968,0.566331,8,0.885416,4,0.979101,0
#2 single-dominant,oracle,73,0.719481,insufficient,2,0.240968,0.566331,8,0.885416,4,0.982513,0
#2 single-dominant,oracle,74,0.719481,insufficient,2,0.240968,0.566046,8,0.884298,4,0.981764,2
#2 single-dominant,oracle,75,0.719481,insufficient,2,0.240968,0.566046,8,0.884298,4,0.981508,0
#2 single-dominant,oracle,76,0.719481,insufficient,2,0.240968,0.566046,8,0.884298,4,0.981508,0
#2 single-dominant,oracle,77,0.719481,insufficient,2,0.240968,0.566317,8,0.884618,4,0.981974,0
#2 single-dominant,oracle,78,0.719481,insufficient,2,0.240968,0.566317,8,0.884618,4,0.982462,0
#2 single-dominant,oracle,79,0.719481,insufficient,2,0.240968,0.566317,8,0.884618,4,0.982462,0
#2 single-dominant,oracle,80,0.719481,insufficient,2,0.240968,0.566046,8,0.884298,4,0.981974,0
#2 single-dominant,oracle,81,0.719481,insufficient,2,0.240968,0.566188,8,0.884540,4,0.981751,0
#2 single-dominant,oracle,82,0.719481,insufficient,2,0.240968,0.566660,8,0.883727,4,0.982378,0
#2 single-dominant,oracle,83,0.719481,insufficient,2,0.240968,0.566660,8,0.883727,4,0.983668,0
#2 single-dominant,oracle,84,0.723513,insufficient,2,0.236493,0.610957,6,0.921237,2,0.941829,4
#2 single-dominant,oracle,85,0.723540,insufficient,2,0.236470,0.596893,6,0.916213,2,0.948345,2
#2 single-dominant,oracle,86,0.723540,insufficient,2,0.236470,0.596893,6,0.916213,2,0.984724,0
#2 single-dominant,oracle,87,0.727801,insufficient,2,0.232327,0.644916,4,0.948763,0,0.939353,2
#2 single-dominant,oracle,88,0.727851,insufficient,2,0.232327,0.647976,4,0.947983,0,0.973209,0
#2 single-dominant,oracle,89,0.731079,insufficient,2,0.228481,0.671778,4,0.976432,0,0.947983,0
#2 single-dominant,oracle,90,0.731079,insufficient,2,0.228481,0.671778,4,0.976432,0,0.976432,0
#3 zero-weight-criterion,oracle,1,0.111905,insufficient,2,0.833334,0.532776,12,0.509235,14,,
#3 zero-weight-criterion,oracle,2,0.200000,insufficient,2,0.666667,0.583258,10,0.552538,8,0.488814,12
#3 zero-weight-criterion,oracle,3,0.320238,insufficient,2,0.500000,0.611674,10,0.616938,8,0.664658,2
#3 zero-weight-criterion,oracle,4,0.541904,insufficient,2,0.333334,0.677115,8,0.621753,8,0.664791,8
#3 zero-weight-criterion,oracle,5,0.718906,insufficient,2,0.159706,0.605108,8,0.561917,6,0.815302,2
#3 zero-weight-criterion,oracle,6,0.718906,insufficient,2,0.159706,0.606236,8,0.563402,6,0.991424,0
#3 zero-weight-criterion,oracle,7,0.718906,insufficient,2,0.159705,0.626966,8,0.574654,8,0.851880,2
#3 zero-weight-criterion,oracle,8,0.718906,insufficient,2,0.159705,0.606045,8,0.564227,6,0.852014,2
#3 zero-weight-criterion,oracle,9,0.718906,insufficient,2,0.159705,0.627930,8,0.576371,8,0.852714,2
#3 zero-weight-criterion,oracle,10,0.718906,insufficient,2,0.159705,0.627211,8,0.576178,8,0.989441,2
#3 zero-weight-criterion,oracle,11,0.718906,insufficient,2,0.159705,0.627419,8,0.576374,8,0.988969,0
#3 zero-weight-criterion,oracle,12,0.718906,insufficient,2,0.159705,0.625951,6,0.594203,6,0.801283,6
#3 zero-weight-criterion,oracle,13,0.718906,insufficient,2,0.159705,0.626716,6,0.596710,6,0.990491,0
#3 zero-weight-criterion,oracle,14,0.718906,insufficient,2,0.159705,0.626878,6,0.595819,6,0.990292,0
#3 zero-weight-criterion,oracle,15,0.718906,insufficient,2,0.159705,0.629070,8,0.577959,8,0.800585,6
#3 zero-weight-criterion,oracle,16,0.718906,insufficient,2,0.159705,0.625618,6,0.621042,6,0.689377,6
#3 zero-weight-criterion,oracle,17,0.718906,insufficient,2,0.159705,0.604199,8,0.561338,6,0.735294,4
#3 zero-weight-criterion,oracle,18,0.726843,insufficient,2,0.159705,0.651870,8,0.586315,6,0.614683,4
#3 zero-weight-criterion,oracle,19,0.728590,insufficient,2,0.159705,0.561405,10,0.544875,10,0.572281,8
#3 zero-weight-criterion,oracle,20,0.730494,insufficient,2,0.159705,0.584177,10,0.608264,8,0.727731,4
#3 zero-weight-criterion,oracle,21,0.731923,insufficient,2,0.159705,0.584594,10,0.609008,8,0.990970,0
#3 zero-weight-criterion,oracle,22,0.732717,insufficient,2,0.159705,0.760935,6,0.676787,10,0.577993,10
#3 zero-weight-criterion,oracle,23,0.732717,insufficient,2,0.159705,0.759975,6,0.676009,8,0.990089,2
#3 zero-weight-criterion,oracle,24,0.736050,insufficient,2,0.159705,0.760513,6,0.676031,10,0.990059,2
#3 zero-weight-criterion,oracle,25,0.736050,insufficient,2,0.159705,0.587872,10,0.602104,10,0.575097,10
#3 zero-weight-criterion,oracle,26,0.736050,insufficient,2,0.159705,0.587872,10,0.602104,10,0.985628,0
#3 zero-weight-criterion,oracle,27,0.736050,insufficient,2,0.159705,0.757355,6,0.673004,10,0.571800,10
#3 zero-weight-criterion,oracle,28,0.749622,insufficient,2,0.159705,0.759903,6,0.675673,10,0.991342,0
#3 zero-weight-criterion,oracle,29,0.749622,insufficient,2,0.159705,0.761454,6,0.677164,8,0.989950,2
#3 zero-weight-criterion,oracle,30,0.799384,high,2,0.159705,0.582044,10,0.622013,8,0.558846,10
#3 zero-weight-criterion,oracle,31,0.802162,high,2,0.159705,0.550884,8,0.572035,4,0.679927,4
#3 zero-weight-criterion,oracle,32,0.802162,high,2,0.159705,0.550591,8,0.570368,4,0.990717,0
#3 zero-weight-criterion,oracle,33,0.802478,high,2,0.159581,0.727825,6,0.640715,6,0.478351,6
#3 zero-weight-criterion,oracle,34,0.802508,high,2,0.159569,0.720942,6,0.646117,10,0.931312,4
#3 zero-weight-criterion,oracle,35,0.810675,high,3,0.159569,0.693551,8,0.625139,6,0.949467,6
#3 zero-weight-criterion,oracle,36,0.810675,high,3,0.159569,0.759895,8,0.669340,10,0.788359,8
#3 zero-weight-criterion,oracle,37,0.826014,high,3,0.159519,0.721008,6,0.646414,10,0.833170,8
#3 zero-weight-criterion,oracle,38,0.826014,high,3,0.159519,0.693975,8,0.624931,6,0.951101,6
#3 zero-weight-criterion,oracle,39,0.839225,high,3,0.159436,0.694769,10,0.637311,8,0.944589,2
#3 zero-weight-criterion,oracle,40,0.904607,veryHigh,3,0.080059,0.695190,10,0.636206,8,0.989159,0
#3 zero-weight-criterion,oracle,41,0.904607,veryHigh,3,0.080059,0.692482,10,0.634248,8,0.989233,0
#3 zero-weight-criterion,oracle,42,0.904607,veryHigh,3,0.080059,0.719338,6,0.651859,8,0.946342,6
#3 zero-weight-criterion,oracle,43,0.904607,veryHigh,3,0.080059,0.692754,10,0.636220,8,0.942476,6
#3 zero-weight-criterion,oracle,44,0.904607,veryHigh,3,0.080059,0.719015,6,0.655516,8,0.946296,6
#3 zero-weight-criterion,oracle,45,0.909287,veryHigh,3,0.076909,0.635290,10,0.706113,6,0.766803,8
#3 zero-weight-criterion,oracle,46,0.909330,veryHigh,3,0.076909,0.895893,4,0.775493,8,0.584922,12
#3 zero-weight-criterion,oracle,47,0.914269,veryHigh,3,0.069348,0.693027,10,0.636480,8,0.744272,10
#3 zero-weight-criterion,oracle,48,0.914269,veryHigh,3,0.069348,0.691842,10,0.634955,8,0.989910,0
#3 zero-weight-criterion,oracle,49,0.914269,veryHigh,3,0.069348,0.894664,4,0.774413,8,0.742965,10
#3 zero-weight-criterion,oracle,50,0.914269,veryHigh,4,0.069348,0.686853,10,0.618812,8,0.730156,10
#3 zero-weight-criterion,oracle,51,0.917518,veryHigh,4,0.067759,0.708815,8,0.651054,6,0.960966,2
#3 zero-weight-criterion,oracle,52,0.917518,veryHigh,4,0.067759,0.706603,8,0.647248,6,0.985541,0
#3 zero-weight-criterion,oracle,53,0.917518,veryHigh,4,0.067759,0.708299,8,0.646642,6,0.984894,0
#3 zero-weight-criterion,oracle,54,0.917518,veryHigh,4,0.067759,0.708815,8,0.651054,6,0.986987,0
#3 zero-weight-criterion,oracle,55,0.917518,veryHigh,4,0.067759,0.708656,8,0.647434,6,0.986028,0
#3 zero-weight-criterion,oracle,56,0.917518,veryHigh,4,0.067759,0.708815,8,0.651054,6,0.986028,2
#3 zero-weight-criterion,oracle,57,0.920149,veryHigh,4,0.065855,0.871714,4,0.991133,0,0.651415,6
#3 zero-weight-criterion,oracle,58,0.933466,veryHigh,4,0.041584,0.870054,4,0.989536,0,0.990085,0
#3 zero-weight-criterion,oracle,59,0.933466,veryHigh,4,0.041584,0.871054,4,0.989255,0,0.989412,0
#3 zero-weight-criterion,oracle,60,0.933466,veryHigh,5,0.041584,0.870054,4,0.989536,0,0.989412,0
#3 zero-weight-criterion,oracle,61,0.933466,veryHigh,5,0.041584,0.870054,4,0.989536,0,0.988392,0
#3 zero-weight-criterion,oracle,62,0.933466,veryHigh,5,0.041584,0.870054,4,0.989536,0,0.988392,0
#3 zero-weight-criterion,oracle,63,0.933466,veryHigh,5,0.041584,0.870054,4,0.989536,0,0.988392,0
#3 zero-weight-criterion,oracle,64,0.933466,veryHigh,5,0.041584,0.871176,4,0.990704,0,0.989536,0
#3 zero-weight-criterion,oracle,65,0.933466,veryHigh,5,0.041584,0.871176,4,0.990704,0,0.990704,0
#3 zero-weight-criterion,oracle,66,0.933466,veryHigh,5,0.041584,0.874347,4,0.993421,0,0.993421,0
#3 zero-weight-criterion,oracle,67,0.933466,veryHigh,6,0.041584,0.871176,4,0.990704,0,0.993421,0
#3 zero-weight-criterion,oracle,68,0.924418,veryHigh,6,0.041584,0.874100,4,0.987908,0,0.987908,0
#3 zero-weight-criterion,oracle,69,0.924418,veryHigh,6,0.041584,0.874347,4,0.988166,0,0.988867,0
#3 zero-weight-criterion,oracle,70,0.933466,veryHigh,6,0.041584,0.874125,4,0.990466,0,0.988386,0
#3 zero-weight-criterion,oracle,71,0.933466,veryHigh,6,0.041584,0.871176,4,0.990704,0,0.990466,0
#4 linear-control,oracle,1,0.104833,insufficient,2,0.916588,0.655596,8,0.606018,6,,
#4 linear-control,oracle,2,0.144512,insufficient,2,0.833263,0.606743,8,0.639278,8,0.414062,12
#4 linear-control,oracle,3,0.194507,insufficient,2,0.749938,0.574083,6,0.601018,6,0.689624,8
#4 linear-control,oracle,4,0.271880,insufficient,2,0.666613,0.453784,10,0.471076,10,0.510463,8
#4 linear-control,oracle,5,0.342666,insufficient,2,0.576344,0.452842,14,0.473838,14,0.774855,8
#4 linear-control,oracle,6,0.370092,insufficient,2,0.548512,0.482462,8,0.497314,8,0.741425,12
#4 linear-control,oracle,7,0.389779,insufficient,2,0.520733,0.444160,10,0.454551,10,0.687357,6
#4 linear-control,oracle,8,0.403754,insufficient,2,0.492955,0.464509,6,0.476224,8,0.609069,10
#4 linear-control,oracle,9,0.406618,insufficient,2,0.465176,0.516597,8,0.528057,8,0.697909,4
#4 linear-control,oracle,10,0.422569,insufficient,2,0.451218,0.444278,6,0.464963,6,0.703368,4
#4 linear-control,oracle,11,0.439636,insufficient,2,0.437325,0.453546,4,0.474688,4,0.809200,4
#4 linear-control,oracle,12,0.456778,insufficient,2,0.423433,0.446262,6,0.467178,6,0.791228,6
#4 linear-control,oracle,13,0.475577,insufficient,2,0.406776,0.432893,6,0.456985,6,0.888917,0
#4 linear-control,oracle,14,0.479679,insufficient,2,0.392762,0.417332,6,0.440213,6,0.963289,0
#4 linear-control,oracle,15,0.479680,insufficient,2,0.392762,0.428658,8,0.446524,8,0.851245,6
#4 linear-control,oracle,16,0.481920,insufficient,2,0.392749,0.464515,6,0.474628,6,0.868212,6
#4 linear-control,oracle,17,0.481938,insufficient,2,0.392737,0.608381,8,0.599960,10,0.505985,6
#4 linear-control,oracle,18,0.481956,insufficient,2,0.392724,0.437490,8,0.442190,6,0.472229,12
#4 linear-control,oracle,19,0.481986,insufficient,2,0.392712,0.623909,16,0.617250,16,0.336772,16
#4 linear-control,oracle,20,0.482035,insufficient,2,0.392687,0.612660,16,0.607230,16,0.928494,0
#4 linear-control,oracle,21,0.483004,insufficient,2,0.392674,0.632727,4,0.635224,4,0.570164,16
#4 linear-control,oracle,22,0.483037,insufficient,2,0.392662,0.670067,16,0.675155,16,0.551925,16
#4 linear-control,oracle,23,0.483055,insufficient,2,0.392649,0.519133,12,0.533132,10,0.531798,10
#4 linear-control,oracle,24,0.489260,insufficient,2,0.392637,0.666983,6,0.681961,6,0.494910,10
#4 linear-control,oracle,25,0.491184,insufficient,2,0.392620,0.593561,8,0.591598,8,0.712745,6
#4 linear-control,oracle,26,0.491263,insufficient,2,0.392574,0.604979,8,0.605831,8,0.974742,0
#4 linear-control,oracle,27,0.492901,insufficient,2,0.392536,0.600141,8,0.602395,6,0.505819,8
#4 linear-control,oracle,28,0.493019,insufficient,2,0.392439,0.650168,6,0.676091,6,0.552201,10
#4 linear-control,oracle,29,0.493024,insufficient,2,0.392437,0.594300,12,0.615187,10,0.515858,14
#4 linear-control,oracle,30,0.499824,insufficient,2,0.392420,0.586609,10,0.588082,10,0.695421,8
#4 linear-control,oracle,31,0.499869,insufficient,2,0.392393,0.613177,6,0.622532,8,0.632182,10
#4 linear-control,oracle,32,0.499875,insufficient,2,0.390410,0.633523,6,0.653421,4,0.777674,4
#4 linear-control,oracle,33,0.507071,insufficient,2,0.390364,0.565860,6,0.567836,8,0.699905,4
#4 linear-control,oracle,34,0.527864,insufficient,2,0.386152,0.601287,6,0.628940,4,0.699013,6
#4 linear-control,oracle,35,0.527915,insufficient,2,0.384626,0.599716,8,0.601872,8,0.676485,6
#4 linear-control,oracle,36,0.529726,insufficient,2,0.384543,0.606189,6,0.608941,8,0.876606,2
#4 linear-control,oracle,37,0.529726,insufficient,2,0.384543,0.735791,4,0.750736,2,0.677979,8
#4 linear-control,oracle,38,0.530139,insufficient,2,0.384529,0.611108,6,0.635294,4,0.751363,2
#4 linear-control,oracle,39,0.531761,insufficient,2,0.384525,0.533092,8,0.550458,8,0.782279,4
#4 linear-control,oracle,40,0.534602,insufficient,2,0.384525,0.592829,8,0.606450,8,0.813452,4
#4 linear-control,oracle,41,0.534602,insufficient,2,0.381064,0.589556,6,0.597314,8,0.899372,2
#4 linear-control,oracle,42,0.543087,insufficient,2,0.378541,0.671154,6,0.702116,6,0.654872,8
#4 linear-control,oracle,43,0.543162,insufficient,2,0.378541,0.676595,8,0.711703,8,0.906066,4
#4 linear-control,oracle,44,0.543231,insufficient,2,0.378541,0.689259,6,0.733204,6,0.854802,6
#4 linear-control,oracle,45,0.543878,insufficient,2,0.376992,0.665442,6,0.699867,6,0.892949,2
#4 linear-control,oracle,46,0.548649,insufficient,2,0.376877,0.597448,8,0.609789,8,0.733044,8
#4 linear-control,oracle,47,0.548649,insufficient,2,0.376877,0.668018,6,0.695978,6,0.734086,8
#4 linear-control,oracle,48,0.548660,insufficient,2,0.376875,0.592059,8,0.598103,8,0.752803,8
#4 linear-control,oracle,49,0.549599,insufficient,2,0.376680,0.633590,6,0.669886,6,0.655741,10
#4 linear-control,oracle,50,0.559646,insufficient,2,0.376445,0.598495,8,0.608915,8,0.667555,10
#4 linear-control,oracle,51,0.560557,insufficient,2,0.376357,0.629690,4,0.668562,4,0.719893,6
#4 linear-control,oracle,52,0.563142,insufficient,2,0.375677,0.634505,4,0.675738,4,0.923034,2
#4 linear-control,oracle,53,0.564904,insufficient,2,0.374429,0.734110,6,0.769618,6,0.853926,4
#4 linear-control,oracle,54,0.596738,insufficient,2,0.356868,0.708991,4,0.729194,4,0.703390,6
#4 linear-control,oracle,55,0.604166,insufficient,2,0.340848,0.675900,8,0.707226,8,0.715937,8
#4 linear-control,oracle,56,0.604340,insufficient,2,0.339420,0.700107,6,0.736387,6,0.952405,2
#4 linear-control,oracle,57,0.604356,insufficient,2,0.339419,0.729551,6,0.769336,6,0.923703,2
#4 linear-control,oracle,58,0.605218,insufficient,2,0.339213,0.683205,6,0.722165,6,0.926572,2
#4 linear-control,oracle,59,0.605329,insufficient,2,0.338856,0.701957,6,0.737316,6,0.918422,4
#4 linear-control,oracle,60,0.605351,insufficient,2,0.338684,0.699835,6,0.745687,6,0.900405,4
#4 linear-control,oracle,61,0.609530,insufficient,2,0.337944,0.695903,6,0.739990,6,0.986681,0
#4 linear-control,oracle,62,0.609530,insufficient,2,0.337944,0.696106,6,0.740191,6,0.988441,0
#4 linear-control,oracle,63,0.609530,insufficient,2,0.337944,0.725533,0,0.731384,2,0.732527,6
#4 linear-control,oracle,64,0.634593,insufficient,2,0.324108,0.700531,6,0.743863,6,0.772285,6
#4 linear-control,oracle,65,0.634855,insufficient,2,0.323235,0.711533,4,0.747806,4,0.892056,4
#4 linear-control,oracle,66,0.635273,insufficient,2,0.321876,0.768511,4,0.805444,4,0.866645,4
#4 linear-control,oracle,67,0.637839,insufficient,2,0.319907,0.841773,4,0.855196,4,0.832806,2
#4 linear-control,oracle,68,0.647990,insufficient,2,0.312600,0.776274,2,0.812738,2,0.818376,4
#4 linear-control,oracle,69,0.654925,insufficient,2,0.308179,0.778741,2,0.782583,2,0.846355,2
#4 linear-control,oracle,70,0.654925,insufficient,2,0.308179,0.764487,2,0.797434,2,0.838413,2
#4 linear-control,oracle,71,0.655656,insufficient,2,0.307202,0.794298,4,0.819991,4,0.937852,2
#4 linear-control,oracle,72,0.656765,insufficient,2,0.305372,0.770597,2,0.787213,2,0.890693,4
#4 linear-control,oracle,73,0.656791,insufficient,2,0.305372,0.800989,2,0.831963,2,0.879835,2
#4 linear-control,oracle,74,0.656791,insufficient,2,0.305372,0.801060,2,0.832135,2,0.999422,0
#4 linear-control,oracle,75,0.656791,insufficient,2,0.305372,0.786241,2,0.797243,2,0.850212,0
#4 linear-control,oracle,76,0.659456,insufficient,2,0.304786,0.859670,4,0.848354,4,0.884018,4
#4 linear-control,oracle,77,0.659456,insufficient,2,0.304786,0.797794,2,0.809972,2,0.886090,4
#4 linear-control,oracle,78,0.659456,insufficient,2,0.304786,0.779156,2,0.789316,2,0.950059,0
#4 linear-control,oracle,79,0.659456,insufficient,2,0.304786,0.795088,2,0.807909,2,0.950006,0
#4 linear-control,oracle,80,0.659456,insufficient,2,0.304786,0.779293,2,0.791891,2,0.932780,0
#4 linear-control,oracle,81,0.659456,insufficient,2,0.304786,0.781096,2,0.792042,2,0.989496,0
#4 linear-control,oracle,82,0.659456,insufficient,2,0.304786,0.779356,2,0.791941,2,0.989547,0
#4 linear-control,oracle,83,0.659456,insufficient,2,0.304786,0.864226,2,0.851343,2,0.847318,2
#4 linear-control,oracle,84,0.678568,insufficient,2,0.290188,0.791459,2,0.804527,2,0.863010,2
#4 linear-control,oracle,85,0.679567,insufficient,2,0.289625,0.800604,4,0.801379,4,0.943979,4
#4 linear-control,oracle,86,0.679567,insufficient,2,0.289625,0.906040,2,0.921881,2,0.779641,4
#4 linear-control,oracle,87,0.681501,insufficient,2,0.279396,0.898534,4,0.943227,2,0.892537,4
#4 linear-control,oracle,88,0.686948,insufficient,2,0.271405,0.914727,2,0.936104,0,0.931056,2
#4 linear-control,oracle,89,0.687477,insufficient,2,0.271399,0.907729,2,0.898200,0,0.902042,0
#4 linear-control,oracle,90,0.688324,insufficient,2,0.270087,0.923969,2,0.998090,0,0.898200,0
#5 front-loaded,oracle,1,0.104833,insufficient,2,0.916588,0.551602,10,0.548367,6,,
#5 front-loaded,oracle,2,0.144512,insufficient,2,0.833263,0.433621,14,0.542302,10,0.414062,12
#5 front-loaded,oracle,3,0.194507,insufficient,2,0.749938,0.363067,10,0.544471,6,0.689624,8
#5 front-loaded,oracle,4,0.271880,insufficient,2,0.666613,0.321209,12,0.465505,10,0.510463,8
#5 front-loaded,oracle,5,0.342666,insufficient,2,0.576344,0.343145,14,0.494022,14,0.774855,8
#5 front-loaded,oracle,6,0.370092,insufficient,2,0.548512,0.350575,10,0.481349,8,0.741425,12
#5 front-loaded,oracle,7,0.389779,insufficient,2,0.520733,0.276246,14,0.426748,10,0.687357,6
#5 front-loaded,oracle,8,0.403754,insufficient,2,0.492955,0.311956,10,0.472476,6,0.609069,10
#5 front-loaded,oracle,9,0.406618,insufficient,2,0.465176,0.315449,12,0.529890,6,0.697909,4
#5 front-loaded,oracle,10,0.422569,insufficient,2,0.451218,0.283030,8,0.511095,4,0.703368,4
#5 front-loaded,oracle,11,0.439636,insufficient,2,0.437325,0.255217,10,0.476259,6,0.809200,4
#5 front-loaded,oracle,12,0.456778,insufficient,2,0.423433,0.240005,10,0.485099,4,0.791228,6
#5 front-loaded,oracle,13,0.475577,insufficient,2,0.406776,0.230293,10,0.466214,4,0.888917,0
#5 front-loaded,oracle,14,0.479679,insufficient,2,0.392762,0.212478,10,0.445718,4,0.963289,0
#5 front-loaded,oracle,15,0.479680,insufficient,2,0.392762,0.199179,12,0.428364,8,0.851245,6
#5 front-loaded,oracle,16,0.481920,insufficient,2,0.392749,0.221058,10,0.444591,4,0.868212,6
#5 front-loaded,oracle,17,0.481938,insufficient,2,0.392737,0.400242,6,0.576410,6,0.505985,6
#5 front-loaded,oracle,18,0.481956,insufficient,2,0.392724,0.204600,12,0.439788,8,0.472229,12
#5 front-loaded,oracle,19,0.481986,insufficient,2,0.392712,0.523992,14,0.568261,16,0.336772,16
#5 front-loaded,oracle,20,0.482035,insufficient,2,0.392687,0.487642,14,0.553634,16,0.928494,0
#5 front-loaded,oracle,21,0.483004,insufficient,2,0.392674,0.381848,10,0.540947,4,0.570164,16
#5 front-loaded,oracle,22,0.483037,insufficient,2,0.392662,0.524510,12,0.596943,16,0.551925,16
#5 front-loaded,oracle,23,0.483055,insufficient,2,0.392649,0.342369,16,0.543645,12,0.531798,10
#5 front-loaded,oracle,24,0.489260,insufficient,2,0.392637,0.434516,10,0.598743,6,0.494910,10
#5 front-loaded,oracle,25,0.491184,insufficient,2,0.392620,0.399899,14,0.533189,8,0.712745,6
#5 front-loaded,oracle,26,0.491263,insufficient,2,0.392574,0.400181,14,0.538976,8,0.974742,0
#5 front-loaded,oracle,27,0.492901,insufficient,2,0.392536,0.485918,10,0.568506,6,0.505819,8
#5 front-loaded,oracle,28,0.493019,insufficient,2,0.392439,0.437410,8,0.617712,6,0.552201,10
#5 front-loaded,oracle,29,0.499511,insufficient,2,0.392335,0.462328,14,0.610243,12,0.577000,12
#5 front-loaded,oracle,30,0.500275,insufficient,2,0.392285,0.505758,14,0.634164,10,0.766833,4
#5 front-loaded,oracle,31,0.500563,insufficient,2,0.392285,0.482894,16,0.604151,12,0.916242,4
#5 front-loaded,oracle,32,0.500617,insufficient,2,0.392248,0.457176,14,0.586290,12,0.940296,2
#5 front-loaded,oracle,33,0.504483,insufficient,2,0.392202,0.494381,14,0.587484,12,0.856741,0
#5 front-loaded,oracle,34,0.506406,insufficient,2,0.392193,0.496405,14,0.592647,16,0.850881,6
#5 front-loaded,oracle,35,0.506428,insufficient,2,0.392181,0.508096,14,0.600216,12,0.835160,6
#5 front-loaded,oracle,36,0.510556,insufficient,2,0.391864,0.488335,12,0.591712,10,0.969135,2
#5 front-loaded,oracle,37,0.510559,insufficient,2,0.391864,0.596475,8,0.793788,2,0.634396,10
#5 front-loaded,oracle,38,0.510561,insufficient,2,0.391856,0.493928,12,0.618617,10,0.621815,10
#5 front-loaded,oracle,39,0.510561,insufficient,2,0.391856,0.544339,10,0.736922,4,0.714821,6
#5 front-loaded,oracle,40,0.510574,insufficient,2,0.391844,0.522563,12,0.677891,6,0.825301,2
#5 front-loaded,oracle,41,0.510574,insufficient,2,0.391844,0.533836,8,0.742619,2,0.812062,4
#5 front-loaded,oracle,42,0.510713,insufficient,2,0.391823,0.567413,12,0.728049,8,0.767634,6
#5 front-loaded,oracle,43,0.516843,insufficient,2,0.391823,0.567004,12,0.726345,8,0.997060,0
#5 front-loaded,oracle,44,0.517201,insufficient,2,0.391823,0.624761,10,0.735329,10,0.746582,8
#5 front-loaded,oracle,45,0.520879,insufficient,2,0.391814,0.550720,10,0.698296,4,0.752407,10
#5 front-loaded,oracle,46,0.520879,insufficient,2,0.391810,0.553628,10,0.700711,4,0.988717,0
#5 front-loaded,oracle,47,0.524311,insufficient,2,0.391810,0.555209,12,0.672631,6,0.891670,2
#5 front-loaded,oracle,48,0.526710,insufficient,2,0.391735,0.605149,12,0.775139,6,0.687010,8
#5 front-loaded,oracle,49,0.529949,insufficient,2,0.391731,0.588667,10,0.793316,4,0.833962,2
#5 front-loaded,oracle,50,0.530443,insufficient,2,0.391731,0.600553,12,0.759796,6,0.808868,2
#5 front-loaded,oracle,51,0.531257,insufficient,2,0.391648,0.584479,10,0.771937,6,0.788388,4
#5 front-loaded,oracle,52,0.531257,insufficient,2,0.391648,0.612294,8,0.785585,2,0.840018,4
#5 front-loaded,oracle,53,0.531257,insufficient,2,0.391648,0.591654,10,0.732166,6,0.814104,6
#5 front-loaded,oracle,54,0.531257,insufficient,2,0.391648,0.632873,12,0.766563,8,0.847463,4
#5 front-loaded,oracle,55,0.532434,insufficient,2,0.391212,0.617458,8,0.804413,2,0.891793,6
#5 front-loaded,oracle,56,0.532434,insufficient,2,0.391212,0.622621,8,0.801025,8,0.808242,6
#5 front-loaded,oracle,57,0.535056,insufficient,2,0.391088,0.597989,10,0.813880,4,0.884734,4
#5 front-loaded,oracle,58,0.535057,insufficient,2,0.391084,0.622923,8,0.804644,6,0.872974,4
#5 front-loaded,oracle,59,0.538274,insufficient,2,0.391084,0.594595,8,0.797849,2,0.857057,4
#5 front-loaded,oracle,60,0.538674,insufficient,2,0.391042,0.603384,10,0.798774,4,0.844735,2
#5 front-loaded,oracle,61,0.541586,insufficient,2,0.390874,0.618800,12,0.814997,6,0.852038,2
#5 front-loaded,oracle,62,0.541586,insufficient,2,0.390874,0.595962,12,0.759727,8,0.870319,4
#5 front-loaded,oracle,63,0.541586,insufficient,2,0.390874,0.590814,10,0.769324,4,0.951191,4
#5 front-loaded,oracle,64,0.541799,insufficient,2,0.390874,0.612395,12,0.774729,8,0.933303,4
#5 front-loaded,oracle,65,0.541968,insufficient,2,0.390871,0.646384,8,0.744678,8,0.858335,4
#5 front-loaded,oracle,66,0.542100,insufficient,2,0.390865,0.613505,10,0.781254,4,0.843613,6
#5 front-loaded,oracle,67,0.542811,insufficient,2,0.390865,0.615648,8,0.771643,2,0.896406,4
#5 front-loaded,oracle,68,0.547617,insufficient,2,0.390783,0.641927,8,0.723430,4,0.890469,4
#5 front-loaded,oracle,69,0.547617,insufficient,2,0.390783,0.596274,10,0.802231,4,0.812787,4
#5 front-loaded,oracle,70,0.547617,insufficient,2,0.390783,0.580895,12,0.764027,6,0.886136,4
#5 front-loaded,oracle,71,0.559331,insufficient,2,0.385921,0.632209,10,0.805780,4,0.829673,4
#5 front-loaded,oracle,72,0.560668,insufficient,2,0.385722,0.656107,10,0.781031,6,0.830200,4
#5 front-loaded,oracle,73,0.562560,insufficient,2,0.385722,0.659326,10,0.740508,8,0.881936,4
#5 front-loaded,oracle,74,0.574057,insufficient,2,0.385619,0.654097,8,0.729557,6,0.921225,2
#5 front-loaded,oracle,75,0.574063,insufficient,2,0.385619,0.651314,10,0.783273,6,0.838955,4
#5 front-loaded,oracle,76,0.574063,insufficient,2,0.385619,0.669382,10,0.764746,6,0.871340,2
#5 front-loaded,oracle,77,0.574073,insufficient,2,0.385619,0.655269,10,0.762704,6,0.865854,2
#5 front-loaded,oracle,78,0.574074,insufficient,2,0.385617,0.662309,8,0.851442,2,0.868302,4
#5 front-loaded,oracle,79,0.593885,insufficient,2,0.379700,0.659997,10,0.849332,4,0.830385,2
#5 front-loaded,oracle,80,0.614238,insufficient,2,0.370609,0.766616,10,0.772571,6,0.776530,4
#5 front-loaded,oracle,81,0.614350,insufficient,2,0.370609,0.705717,10,0.829803,4,0.813590,4
#5 front-loaded,oracle,82,0.614632,insufficient,2,0.370582,0.693348,6,0.936248,0,0.788098,4
#5 front-loaded,oracle,83,0.617720,insufficient,2,0.370582,0.755656,8,0.887253,2,0.875207,2
#5 front-loaded,oracle,84,0.617800,insufficient,2,0.370573,0.733000,10,0.800885,6,0.828304,6
#5 front-loaded,oracle,85,0.617800,insufficient,2,0.370568,0.787230,8,0.794381,6,0.865285,8
#5 front-loaded,oracle,86,0.618400,insufficient,2,0.370568,0.708766,8,0.836969,6,0.819550,2
#5 front-loaded,oracle,87,0.619187,insufficient,2,0.370253,0.743521,8,0.819137,6,0.840788,6
#5 front-loaded,oracle,88,0.622144,insufficient,2,0.370251,0.795244,8,0.806011,6,0.854960,6
#5 front-loaded,oracle,89,0.622265,insufficient,2,0.370251,0.748856,8,0.804674,6,0.885231,2
#5 front-loaded,oracle,90,0.622265,insufficient,2,0.370251,0.686308,6,0.999950,0,0.804674,6
#6 back-loaded,oracle,1,0.104833,insufficient,2,0.916588,0.350447,8,0.454012,8,,
#6 back-loaded,oracle,2,0.144512,insufficient,2,0.833263,0.516808,10,0.546749,10,0.414062,12
#6 back-loaded,oracle,3,0.194507,insufficient,2,0.749938,0.636592,8,0.665481,6,0.689624,8
#6 back-loaded,oracle,4,0.271880,insufficient,2,0.666613,0.472317,12,0.558930,10,0.510463,8
#6 back-loaded,oracle,5,0.342666,insufficient,2,0.576344,0.446374,14,0.578345,14,0.774855,8
#6 back-loaded,oracle,6,0.370092,insufficient,2,0.548512,0.488258,8,0.594074,8,0.741425,12
#6 back-loaded,oracle,7,0.389779,insufficient,2,0.520733,0.572800,8,0.638231,8,0.687357,6
#6 back-loaded,oracle,8,0.403754,insufficient,2,0.492955,0.510679,6,0.588106,4,0.609069,10
#6 back-loaded,oracle,9,0.406618,insufficient,2,0.465176,0.634599,6,0.640215,6,0.697909,4
#6 back-loaded,oracle,10,0.422569,insufficient,2,0.451218,0.562642,6,0.536078,6,0.703368,4
#6 back-loaded,oracle,11,0.439636,insufficient,2,0.437325,0.616258,4,0.571380,6,0.809200,4
#6 back-loaded,oracle,12,0.456778,insufficient,2,0.423433,0.716946,4,0.632475,2,0.791228,6
#6 back-loaded,oracle,13,0.475577,insufficient,2,0.406776,0.723342,4,0.660265,2,0.888917,0
#6 back-loaded,oracle,14,0.479679,insufficient,2,0.392762,0.719903,4,0.652840,2,0.963289,0
#6 back-loaded,oracle,15,0.479680,insufficient,2,0.392762,0.806851,6,0.684778,6,0.851245,6
#6 back-loaded,oracle,16,0.481920,insufficient,2,0.392749,0.785411,4,0.737372,4,0.868212,6
#6 back-loaded,oracle,17,0.481938,insufficient,2,0.392737,0.507629,8,0.608307,8,0.505985,6
#6 back-loaded,oracle,18,0.481956,insufficient,2,0.392724,0.705962,6,0.648487,8,0.472229,12
#6 back-loaded,oracle,19,0.481986,insufficient,2,0.392712,0.418680,16,0.558910,16,0.336772,16
#6 back-loaded,oracle,20,0.482035,insufficient,2,0.392687,0.449850,16,0.603599,16,0.928494,0
#6 back-loaded,oracle,21,0.483004,insufficient,2,0.392674,0.595480,6,0.724713,4,0.570164,16
#6 back-loaded,oracle,22,0.483037,insufficient,2,0.392662,0.487456,16,0.606717,16,0.551925,16
#6 back-loaded,oracle,23,0.483055,insufficient,2,0.392649,0.564327,12,0.643477,12,0.531798,10
#6 back-loaded,oracle,24,0.483109,insufficient,2,0.392616,0.478289,10,0.626386,10,0.551634,8
#6 back-loaded,oracle,25,0.483109,insufficient,2,0.392616,0.586412,8,0.695141,8,0.614433,8
#6 back-loaded,oracle,26,0.484123,insufficient,2,0.392572,0.605315,10,0.689765,10,0.648657,6
#6 back-loaded,oracle,27,0.484212,insufficient,2,0.392520,0.514292,8,0.697484,8,0.556897,6
#6 back-loaded,oracle,28,0.485847,insufficient,2,0.392484,0.500415,10,0.617152,10,0.699299,6
#6 back-loaded,oracle,29,0.485956,insufficient,2,0.392409,0.583459,8,0.702098,6,0.594093,8
#6 back-loaded,oracle,30,0.491027,insufficient,2,0.390883,0.577481,8,0.710713,6,0.922288,2
#6 back-loaded,oracle,31,0.491052,insufficient,2,0.385332,0.511609,8,0.678462,8,0.630822,6
#6 back-loaded,oracle,32,0.491052,insufficient,2,0.385332,0.512814,8,0.679833,8,0.603267,4
#6 back-loaded,oracle,33,0.491499,insufficient,2,0.383824,0.577387,4,0.603840,4,0.635907,8
#6 back-loaded,oracle,34,0.491501,insufficient,2,0.383824,0.549324,10,0.669079,10,0.595713,10
#6 back-loaded,oracle,35,0.492892,insufficient,2,0.383799,0.529641,8,0.706805,6,0.547684,12
#6 back-loaded,oracle,36,0.499240,insufficient,2,0.383792,0.512840,8,0.702699,6,0.956629,0
#6 back-loaded,oracle,37,0.501790,insufficient,2,0.381384,0.531462,10,0.717656,8,0.954896,4
#6 back-loaded,oracle,38,0.509095,insufficient,2,0.380884,0.496215,6,0.674004,6,0.869921,6
#6 back-loaded,oracle,39,0.513837,insufficient,2,0.380884,0.571429,4,0.710456,4,0.703621,6
#6 back-loaded,oracle,40,0.519073,insufficient,2,0.380853,0.524918,8,0.712577,6,0.705406,8
#6 back-loaded,oracle,41,0.532393,insufficient,2,0.380834,0.473426,8,0.599085,8,0.723018,6
#6 back-loaded,oracle,42,0.551865,insufficient,2,0.371793,0.536281,6,0.652829,8,0.741871,4
#6 back-loaded,oracle,43,0.552323,insufficient,2,0.370523,0.523944,8,0.650552,8,0.704661,6
#6 back-loaded,oracle,44,0.598357,insufficient,2,0.329613,0.655634,6,0.867559,4,0.702096,6
#6 back-loaded,oracle,45,0.599941,insufficient,2,0.329602,0.553183,6,0.642778,8,0.664154,8
#6 back-loaded,oracle,46,0.600273,insufficient,2,0.329207,0.492015,6,0.621469,8,0.827973,4
#6 back-loaded,oracle,47,0.600972,insufficient,2,0.329207,0.569481,6,0.691326,6,0.673183,8
#6 back-loaded,oracle,48,0.604512,insufficient,2,0.328465,0.727031,4,0.797467,4,0.663517,6
#6 back-loaded,oracle,49,0.604940,insufficient,2,0.328365,0.527502,8,0.684255,8,0.696854,6
#6 back-loaded,oracle,50,0.606473,insufficient,2,0.328365,0.510224,10,0.671742,10,0.740275,6
#6 back-loaded,oracle,51,0.606473,insufficient,2,0.328365,0.557948,6,0.757695,6,0.785074,8
#6 back-loaded,oracle,52,0.702570,insufficient,2,0.230103,0.623573,6,0.804473,4,0.871689,4
#6 back-loaded,oracle,53,0.704190,insufficient,2,0.228644,0.605026,6,0.757300,6,0.809178,4
#6 back-loaded,oracle,54,0.710722,insufficient,2,0.224469,0.617672,8,0.748316,8,0.781162,6
#6 back-loaded,oracle,55,0.711135,insufficient,2,0.224463,0.581791,8,0.707038,8,0.860460,2
#6 back-loaded,oracle,56,0.712534,insufficient,2,0.222984,0.660799,6,0.818232,6,0.737895,4
#6 back-loaded,oracle,57,0.714758,insufficient,2,0.217493,0.665460,6,0.752456,6,0.765222,4
#6 back-loaded,oracle,58,0.714954,insufficient,2,0.217371,0.685581,8,0.851241,8,0.739614,6
#6 back-loaded,oracle,59,0.715096,insufficient,2,0.215671,0.742323,4,0.810534,4,0.808574,6
#6 back-loaded,oracle,60,0.715189,insufficient,2,0.215671,0.699867,4,0.791034,4,0.916826,2
#6 back-loaded,oracle,61,0.716643,insufficient,2,0.215662,0.656875,6,0.781949,6,0.801186,4
#6 back-loaded,oracle,62,0.719028,insufficient,2,0.214748,0.663079,8,0.816896,8,0.826151,4
#6 back-loaded,oracle,63,0.719028,insufficient,2,0.214748,0.663951,8,0.756049,8,0.842756,2
#6 back-loaded,oracle,64,0.721766,insufficient,2,0.212360,0.691985,6,0.811398,6,0.876153,4
#6 back-loaded,oracle,65,0.721965,insufficient,2,0.210555,0.670456,10,0.819237,10,0.925775,4
#6 back-loaded,oracle,66,0.722477,insufficient,2,0.210555,0.673240,6,0.765837,6,0.854996,6
#6 back-loaded,oracle,67,0.728959,insufficient,2,0.206951,0.681389,6,0.846755,6,0.862197,4
#6 back-loaded,oracle,68,0.736238,insufficient,2,0.201806,0.682127,6,0.858952,6,0.898929,0
#6 back-loaded,oracle,69,0.740105,insufficient,2,0.199042,0.700805,6,0.814685,6,0.871488,0
#6 back-loaded,oracle,70,0.741882,insufficient,2,0.197409,0.698122,6,0.844264,6,0.950976,0
#6 back-loaded,oracle,71,0.757258,high,2,0.182569,0.694570,6,0.842044,4,0.880836,2
#6 back-loaded,oracle,72,0.763185,high,2,0.178011,0.723345,6,0.823240,6,0.884745,2
#6 back-loaded,oracle,73,0.763274,high,2,0.176462,0.677297,6,0.847186,4,0.850782,4
#6 back-loaded,oracle,74,0.764742,high,2,0.175594,0.709392,8,0.850408,6,0.842468,4
#6 back-loaded,oracle,75,0.766327,high,2,0.174304,0.711940,6,0.829732,4,0.810755,4
#6 back-loaded,oracle,76,0.766407,high,2,0.174290,0.710797,4,0.905573,4,0.822796,4
#6 back-loaded,oracle,77,0.766416,high,2,0.174109,0.719719,4,0.863934,4,0.880921,2
#6 back-loaded,oracle,78,0.766447,high,2,0.174109,0.722032,6,0.870669,4,0.849038,4
#6 back-loaded,oracle,79,0.766454,high,2,0.174109,0.699731,2,0.788593,4,0.810564,4
#6 back-loaded,oracle,80,0.766454,high,2,0.174109,0.723340,4,0.891173,2,0.801216,2
#6 back-loaded,oracle,81,0.767076,high,2,0.173568,0.745743,6,0.894261,4,0.872019,2
#6 back-loaded,oracle,82,0.767148,high,2,0.173346,0.700571,4,0.869541,2,0.878424,2
#6 back-loaded,oracle,83,0.767795,high,2,0.172715,0.705903,4,0.867725,2,0.971704,0
#6 back-loaded,oracle,84,0.767795,high,2,0.172715,0.726528,4,0.870948,2,0.875308,2
#6 back-loaded,oracle,85,0.768254,high,2,0.172222,0.745304,4,0.898538,2,0.858277,2
#6 back-loaded,oracle,86,0.768318,high,2,0.172220,0.752981,4,0.900776,2,0.919470,2
#6 back-loaded,oracle,87,0.768761,high,2,0.171516,0.758087,4,0.878955,2,0.944417,0
#6 back-loaded,oracle,88,0.768904,high,2,0.170596,0.759627,6,0.885421,4,0.856784,4
#6 back-loaded,oracle,89,0.768906,high,2,0.170490,0.741926,4,0.917804,2,0.868897,2
#6 back-loaded,oracle,90,0.768994,high,2,0.170488,0.716733,4,0.999950,0,0.917804,2
#7 near-tied,oracle,1,0.104833,insufficient,2,0.916588,0.556517,6,0.583016,4,,
#7 near-tied,oracle,2,0.144512,insufficient,2,0.833263,0.594330,10,0.578418,10,0.414062,12
#7 near-tied,oracle,3,0.194507,insufficient,2,0.749938,0.612033,6,0.602628,6,0.689624,8
#7 near-tied,oracle,4,0.271880,insufficient,2,0.666613,0.583552,10,0.540363,10,0.510463,8
#7 near-tied,oracle,5,0.342666,insufficient,2,0.576344,0.626596,12,0.603021,14,0.774855,8
#7 near-tied,oracle,6,0.370092,insufficient,2,0.548512,0.619471,8,0.606511,4,0.741425,12
#7 near-tied,oracle,7,0.389779,insufficient,2,0.520733,0.546107,8,0.548712,8,0.687357,6
#7 near-tied,oracle,8,0.403754,insufficient,2,0.492955,0.576139,8,0.586103,6,0.609069,10
#7 near-tied,oracle,9,0.406618,insufficient,2,0.465176,0.614514,6,0.617121,6,0.697909,4
#7 near-tied,oracle,10,0.422569,insufficient,2,0.451218,0.556451,6,0.546894,4,0.703368,4
#7 near-tied,oracle,11,0.439636,insufficient,2,0.437325,0.530602,6,0.521942,4,0.809200,4
#7 near-tied,oracle,12,0.456778,insufficient,2,0.423433,0.525435,6,0.532143,4,0.791228,6
#7 near-tied,oracle,13,0.463623,insufficient,2,0.415002,0.532570,6,0.545812,4,0.748193,2
#7 near-tied,oracle,14,0.466489,insufficient,2,0.406664,0.503335,6,0.505635,4,0.707075,2
#7 near-tied,oracle,15,0.471229,insufficient,2,0.400976,0.505793,8,0.483135,6,0.577115,4
#7 near-tied,oracle,16,0.473470,insufficient,2,0.400963,0.522152,6,0.532499,4,0.570997,4
#7 near-tied,oracle,17,0.473488,insufficient,2,0.400951,0.575256,6,0.587170,4,0.547445,6
#7 near-tied,oracle,18,0.473506,insufficient,2,0.400939,0.566004,6,0.568828,6,0.882809,4
#7 near-tied,oracle,19,0.473536,insufficient,2,0.400926,0.580842,8,0.587543,8,0.795494,6
#7 near-tied,oracle,20,0.473566,insufficient,2,0.400914,0.598716,8,0.584657,10,0.539974,12
#7 near-tied,oracle,21,0.474536,insufficient,2,0.400901,0.591677,8,0.575983,10,0.748139,6
#7 near-tied,oracle,22,0.474554,insufficient,2,0.400889,0.608254,6,0.598391,6,0.565191,10
#7 near-tied,oracle,23,0.477664,insufficient,2,0.400876,0.601872,6,0.585692,8,0.690641,6
#7 near-tied,oracle,24,0.477726,insufficient,2,0.400851,0.573216,4,0.586455,2,0.453613,8
#7 near-tied,oracle,25,0.477741,insufficient,2,0.400842,0.649482,14,0.632653,14,0.427674,16
#7 near-tied,oracle,26,0.477750,insufficient,2,0.400836,0.740924,6,0.715822,8,0.574481,14
#7 near-tied,oracle,27,0.478005,insufficient,2,0.400821,0.577753,8,0.572398,8,0.513386,12
#7 near-tied,oracle,28,0.480412,insufficient,2,0.400807,0.713456,8,0.675647,12,0.551547,10
#7 near-tied,oracle,29,0.481207,insufficient,2,0.400807,0.685986,8,0.663718,8,0.707952,8
#7 near-tied,oracle,30,0.482349,insufficient,2,0.400794,0.738510,4,0.701320,8,0.775390,10
#7 near-tied,oracle,31,0.482395,insufficient,2,0.400758,0.741452,6,0.711406,8,0.805289,4
#7 near-tied,oracle,32,0.482396,insufficient,2,0.400758,0.773075,6,0.737916,10,0.782965,8
#7 near-tied,oracle,33,0.482669,insufficient,2,0.400700,0.731119,8,0.711863,10,0.761852,8
#7 near-tied,oracle,34,0.485534,insufficient,2,0.400612,0.734999,10,0.707978,14,0.734017,10
#7 near-tied,oracle,35,0.490968,insufficient,2,0.400358,0.689079,10,0.683922,14,0.720651,8
#7 near-tied,oracle,36,0.492315,insufficient,2,0.400179,0.663779,12,0.667035,12,0.737964,10
#7 near-tied,oracle,37,0.492546,insufficient,2,0.399991,0.728164,10,0.722384,12,0.794572,6
#7 near-tied,oracle,38,0.492567,insufficient,2,0.399979,0.746822,4,0.771357,6,0.639260,10
#7 near-tied,oracle,39,0.493516,insufficient,2,0.399979,0.812671,6,0.821850,4,0.824464,6
#7 near-tied,oracle,40,0.499697,insufficient,2,0.399967,0.858859,2,0.861077,2,0.817499,6
#7 near-tied,oracle,41,0.519161,insufficient,2,0.399628,0.712424,14,0.677253,16,0.630383,14
#7 near-tied,oracle,42,0.519715,insufficient,2,0.399183,0.778142,2,0.770128,4,0.590275,16
#7 near-tied,oracle,43,0.522298,insufficient,2,0.399183,0.762198,12,0.763965,12,0.646244,14
#7 near-tied,oracle,44,0.541747,insufficient,2,0.399159,0.751779,4,0.783426,2,0.717043,14
#7 near-tied,oracle,45,0.557181,insufficient,2,0.385931,0.798693,6,0.814543,2,0.822696,4
#7 near-tied,oracle,46,0.571434,insufficient,2,0.385929,0.837292,6,0.777859,8,0.741357,8
#7 near-tied,oracle,47,0.571587,insufficient,2,0.385929,0.781288,6,0.812563,4,0.694339,8
#7 near-tied,oracle,48,0.683474,insufficient,2,0.264984,0.722470,6,0.744560,4,0.793507,6
#7 near-tied,oracle,49,0.693290,insufficient,2,0.262736,0.802825,4,0.774643,6,0.648642,10
#7 near-tied,oracle,50,0.738923,insufficient,2,0.225453,0.847283,2,0.855664,2,0.790200,4
#7 near-tied,oracle,51,0.739211,insufficient,2,0.225252,0.786235,4,0.795990,4,0.816777,2
#7 near-tied,oracle,52,0.742463,insufficient,2,0.221041,0.792554,4,0.806915,4,0.914784,0
#7 near-tied,oracle,53,0.757155,high,2,0.219813,0.812227,4,0.825226,4,0.860790,2
#7 near-tied,oracle,54,0.759676,high,2,0.219166,0.856887,2,0.861221,2,0.835892,2
#7 near-tied,oracle,55,0.759692,high,2,0.219166,0.777629,4,0.777758,4,0.813248,2
#7 near-tied,oracle,56,0.759847,high,2,0.218403,0.861343,2,0.841534,6,0.734350,6
#7 near-tied,oracle,57,0.816126,high,2,0.171649,0.809204,4,0.822211,4,0.877017,4
#7 near-tied,oracle,58,0.819995,high,2,0.169297,0.871385,2,0.893769,4,0.857487,2
#7 near-tied,oracle,59,0.824617,high,2,0.168024,0.846211,2,0.882629,2,0.868357,4
#7 near-tied,oracle,60,0.827883,high,2,0.165309,0.858701,2,0.869965,2,0.850983,0
#7 near-tied,oracle,61,0.829795,high,2,0.162148,0.876776,2,0.885974,4,0.814926,4
#7 near-tied,oracle,62,0.838831,high,2,0.157313,0.892985,2,0.892597,2,0.859469,2
#7 near-tied,oracle,63,0.838963,high,2,0.157039,0.810313,2,0.824925,2,0.861838,0
#7 near-tied,oracle,64,0.844578,high,2,0.153927,0.862675,4,0.867797,4,0.802362,4
#7 near-tied,oracle,65,0.844615,high,2,0.153915,0.869441,2,0.875550,4,0.844047,6
#7 near-tied,oracle,66,0.851014,veryHigh,2,0.146909,0.858435,2,0.866978,4,0.845541,2
#7 near-tied,oracle,67,0.851014,veryHigh,2,0.146909,0.845930,0,0.844364,4,0.856770,2
#7 near-tied,oracle,68,0.861358,veryHigh,2,0.139433,0.865526,2,0.866419,4,0.882244,2
#7 near-tied,oracle,69,0.861628,veryHigh,2,0.139068,0.865705,2,0.873627,4,0.854917,4
#7 near-tied,oracle,70,0.861940,veryHigh,2,0.138889,0.861422,2,0.865844,4,0.848010,2
#7 near-tied,oracle,71,0.864577,veryHigh,2,0.135804,0.859385,2,0.880893,2,0.866032,4
#7 near-tied,oracle,72,0.869456,veryHigh,2,0.131061,0.845583,2,0.856482,2,0.824298,2
#7 near-tied,oracle,73,0.877486,veryHigh,2,0.120025,0.889917,4,0.913459,2,0.844304,2
#7 near-tied,oracle,74,0.877934,veryHigh,3,0.119464,0.865719,4,0.868715,2,0.863676,0
#7 near-tied,oracle,75,0.879586,veryHigh,3,0.115522,0.883293,2,0.884841,2,0.862398,4
#7 near-tied,oracle,76,0.880075,veryHigh,3,0.115521,0.852913,4,0.843388,2,0.857574,4
#7 near-tied,oracle,77,0.880474,veryHigh,3,0.115506,0.873343,2,0.895120,2,0.820313,4
#7 near-tied,oracle,78,0.880647,veryHigh,3,0.115228,0.833996,4,0.835879,2,0.839640,4
#7 near-tied,oracle,79,0.883510,veryHigh,3,0.111270,0.875114,4,0.881407,2,0.867236,2
#7 near-tied,oracle,80,0.886249,veryHigh,3,0.109959,0.895975,2,0.908342,2,0.877990,2
#7 near-tied,oracle,81,0.886938,veryHigh,3,0.109008,0.879463,4,0.909868,2,0.898007,4
#7 near-tied,oracle,82,0.895346,veryHigh,3,0.099704,0.868160,4,0.893166,2,0.898912,0
#7 near-tied,oracle,83,0.898069,veryHigh,3,0.098024,0.907839,2,0.916757,2,0.882082,4
#7 near-tied,oracle,84,0.899574,veryHigh,3,0.096496,0.883119,4,0.890397,2,0.906249,4
#7 near-tied,oracle,85,0.907906,veryHigh,3,0.090058,0.906272,2,0.872076,6,0.867998,6
#7 near-tied,oracle,86,0.910565,veryHigh,3,0.087955,0.901893,2,0.905902,4,0.888330,4
#7 near-tied,oracle,87,0.910942,veryHigh,3,0.087646,0.907509,4,0.942761,2,0.928964,2
#7 near-tied,oracle,88,0.911104,veryHigh,3,0.087430,0.897285,4,0.913568,2,0.922559,2
#7 near-tied,oracle,89,0.911278,veryHigh,3,0.087347,0.917506,4,0.905993,2,0.899259,2
#7 near-tied,oracle,90,0.911329,veryHigh,3,0.087107,0.914820,4,1.000000,0,0.905993,2
#8 noisy,oracle,1,0.111905,insufficient,2,0.833334,0.613332,14,0.488990,14,,
#8 noisy,oracle,2,0.200000,insufficient,2,0.666667,0.647066,6,0.629518,6,0.488814,12
#8 noisy,oracle,3,0.320238,insufficient,2,0.500000,0.640775,6,0.684539,6,0.664658,2
#8 noisy,oracle,4,0.541904,insufficient,2,0.333334,0.688236,4,0.695494,4,0.664791,8
#8 noisy,oracle,5,0.718906,insufficient,2,0.159706,0.650748,2,0.718574,2,0.815302,2
#8 noisy,oracle,6,0.718906,insufficient,2,0.159706,0.650515,2,0.718161,2,0.991424,0
#8 noisy,oracle,7,0.718887,insufficient,2,0.159725,0.731818,8,0.682306,8,0.722601,6
#8 noisy,oracle,8,0.718888,insufficient,2,0.159725,0.673731,4,0.746379,4,0.806327,6
#8 noisy,oracle,9,0.756313,high,2,0.125035,0.662293,10,0.559112,10,0.626924,6
#8 noisy,oracle,10,0.756330,high,2,0.125018,0.662293,10,0.559112,10,0.989347,0
#8 noisy,oracle,11,0.756330,high,2,0.125018,0.662694,10,0.559730,10,0.989894,0
#8 noisy,oracle,12,0.756349,high,2,0.125000,0.800041,2,0.650837,2,0.845207,8
#8 noisy,oracle,13,0.756349,high,2,0.125000,0.799931,2,0.657205,2,0.982492,2
#8 noisy,oracle,14,0.756349,high,2,0.125000,0.798991,2,0.654636,2,0.984404,2
#8 noisy,oracle,15,0.756349,high,2,0.125000,0.801116,2,0.648649,2,0.985962,2
#8 noisy,oracle,16,0.758730,high,2,0.125000,0.825781,6,0.729147,6,0.807573,8
#8 noisy,oracle,17,0.758730,high,2,0.125000,0.825781,6,0.729147,6,0.978442,2
#8 noisy,oracle,18,0.758730,high,2,0.125000,0.827017,6,0.730710,6,0.979797,2
#8 noisy,oracle,19,0.758730,high,2,0.125000,0.784298,6,0.619430,6,0.738407,8
#8 noisy,oracle,20,0.758730,high,2,0.125000,0.825781,6,0.729147,6,0.737814,8
#8 noisy,oracle,21,0.758730,high,2,0.125000,0.829257,6,0.733439,6,0.982250,0
#8 noisy,oracle,22,0.758730,high,2,0.125000,0.817545,4,0.761059,4,0.911778,2
#8 noisy,oracle,23,0.761111,high,2,0.125000,0.816655,4,0.760131,4,0.980534,0
#8 noisy,oracle,24,0.762698,high,2,0.125000,0.840063,6,0.631169,6,0.754020,6
#8 noisy,oracle,25,0.762698,high,2,0.125000,0.817902,4,0.760837,4,0.753312,6
#8 noisy,oracle,26,0.762698,high,2,0.125000,0.817807,6,0.619005,6,0.701111,10
#8 noisy,oracle,27,0.763492,high,2,0.125000,0.819164,0,0.846662,0,0.684217,6
#8 noisy,oracle,28,0.765079,high,2,0.125000,0.840795,6,0.630691,6,0.709140,6
#8 noisy,oracle,29,0.785317,high,3,0.121528,0.760934,0,0.972378,0,0.640806,6
#8 noisy,oracle,30,0.785317,high,3,0.121528,0.759753,0,0.974164,0,0.981155,0
#8 noisy,oracle,31,0.808333,high,3,0.118056,0.813980,4,0.878556,4,0.874886,4
#8 noisy,oracle,32,0.832539,high,3,0.114584,0.814951,4,0.877868,4,0.985591,0
#8 noisy,oracle,33,0.832539,high,3,0.114584,0.759753,0,0.974164,0,0.875236,4
#8 noisy,oracle,34,0.841269,high,3,0.114584,0.759753,0,0.974164,0,0.979749,0
#8 noisy,oracle,35,0.859920,veryHigh,3,0.114584,0.840063,6,0.631169,6,0.639246,6
#8 noisy,oracle,36,0.859920,veryHigh,3,0.114584,0.833826,4,0.787092,4,0.686990,10
#8 noisy,oracle,37,0.859920,veryHigh,3,0.114584,0.759753,0,0.974164,0,0.779555,4
#8 noisy,oracle,38,0.886507,veryHigh,3,0.104167,0.760789,0,0.971706,0,0.980982,0
#8 noisy,oracle,39,0.886575,veryHigh,3,0.104105,0.756825,0,0.973152,0,0.954617,0
#8 noisy,oracle,40,0.886643,veryHigh,3,0.104043,0.759753,0,0.974164,0,0.953417,0
#8 noisy,oracle,41,0.886643,veryHigh,3,0.104043,0.759753,0,0.974164,0,0.979749,0
#8 noisy,oracle,42,0.886643,veryHigh,3,0.104043,0.759753,0,0.974164,0,0.979749,0
#8 noisy,oracle,43,0.886643,veryHigh,3,0.104043,0.759753,0,0.974164,0,0.979749,0
#8 noisy,oracle,44,0.886643,veryHigh,3,0.104043,0.759753,0,0.974164,0,0.979749,0
#8 noisy,oracle,45,0.886643,veryHigh,3,0.104043,0.759753,0,0.974164,0,0.979749,0
#8 noisy,oracle,46,0.886643,veryHigh,3,0.104043,0.756081,0,0.971553,0,0.975149,0
#8 noisy,oracle,47,0.886643,veryHigh,3,0.104043,0.760540,0,0.971707,0,0.976087,0
#8 noisy,oracle,48,0.886643,veryHigh,3,0.104043,0.760167,0,0.972961,0,0.981164,0
#8 noisy,oracle,49,0.910398,veryHigh,3,0.062438,0.762768,0,0.974771,0,0.981797,0
#8 noisy,oracle,50,0.910424,veryHigh,3,0.062426,0.760643,0,0.969438,0,0.982483,0
#8 noisy,oracle,51,0.910424,veryHigh,4,0.062426,0.759753,0,0.974164,0,0.980785,0
#8 noisy,oracle,52,0.910424,veryHigh,4,0.062426,0.755918,0,0.971356,0,0.974943,0
#8 noisy,oracle,53,0.999999,veryHigh,4,0.000001,0.760726,0,0.975040,0,0.975887,0
#8 noisy,oracle,54,0.999999,veryHigh,4,0.000001,0.759836,0,0.972261,0,0.975415,0
#8 noisy,oracle,55,0.999999,veryHigh,4,0.000001,0.757490,0,0.973658,0,0.972992,0
#8 noisy,oracle,56,0.999999,veryHigh,4,0.000001,0.760955,0,0.972700,0,0.974635,0
#8 noisy,oracle,57,0.999999,veryHigh,4,0.000001,0.759733,0,0.973738,0,0.980056,0
#8 noisy,oracle,58,0.999999,veryHigh,4,0.000001,0.757593,0,0.966111,0,0.975424,0
#8 noisy,oracle,59,0.999999,veryHigh,4,0.000001,0.757593,0,0.966111,0,0.974472,0
#8 noisy,oracle,60,0.999999,veryHigh,4,0.000001,0.757122,0,0.972517,0,0.972065,0
#8 noisy,oracle,61,0.999999,veryHigh,4,0.000001,0.758023,0,0.972191,0,0.973618,0
#8 noisy,oracle,62,0.999999,veryHigh,4,0.000001,0.757367,0,0.968023,0,0.974184,0
#8 noisy,oracle,63,0.999999,veryHigh,4,0.000001,0.760623,0,0.972011,0,0.976959,0
#8 noisy,oracle,64,0.999999,veryHigh,4,0.000001,0.757367,0,0.968023,0,0.976959,0
#8 noisy,oracle,65,0.999999,veryHigh,4,0.000001,0.756693,0,0.972492,0,0.972767,0
#8 noisy,oracle,66,0.999999,veryHigh,4,0.000001,0.759196,0,0.973111,0,0.974374,0
#8 noisy,oracle,67,0.990475,veryHigh,5,0.000001,0.759010,0,0.972077,0,0.974695,0
#8 noisy,oracle,68,0.999999,veryHigh,5,0.000001,0.757470,0,0.973437,0,0.975205,0
#8 noisy,oracle,69,0.990475,veryHigh,5,0.000001,0.757490,0,0.966089,0,0.972543,0
#8 noisy,oracle,70,0.999999,veryHigh,5,0.000001,0.755918,0,0.971356,0,0.971377,0
#8 noisy,oracle,71,0.990475,veryHigh,5,0.000001,0.758105,0,0.974209,0,0.969227,0
#8 noisy,oracle,72,0.990475,veryHigh,5,0.000001,0.759526,0,0.974912,0,0.973170,0
#8 noisy,oracle,73,1.000000,veryHigh,5,0.000000,0.757490,0,0.973776,0,0.975134,0
#8 noisy,oracle,74,0.990476,veryHigh,5,0.000000,0.758352,0,0.972786,0,0.973407,0
#8 noisy,oracle,75,0.990476,veryHigh,5,0.000000,0.759588,0,0.973394,0,0.975868,0
#8 noisy,oracle,76,1.000000,veryHigh,5,0.000000,0.759671,0,0.973775,0,0.976879,0
#8 noisy,oracle,77,1.000000,veryHigh,5,0.000000,0.757142,0,0.973367,0,0.973775,0
#8 noisy,oracle,78,1.000000,veryHigh,6,0.000000,0.757716,0,0.973747,0,0.973747,0
#8 noisy,oracle,79,1.000000,veryHigh,6,0.000000,0.757224,0,0.973376,0,0.973342,0
#8 noisy,oracle,80,1.000000,veryHigh,6,0.000000,0.757388,0,0.973125,0,0.973436,0
#8 noisy,oracle,81,1.000000,veryHigh,6,0.000000,0.757081,0,0.973174,0,0.969861,0
#8 noisy,oracle,82,1.000000,veryHigh,6,0.000000,0.757142,0,0.973367,0,0.973174,0
#8 noisy,oracle,83,1.000000,veryHigh,6,0.000000,0.757142,0,0.973367,0,0.973367,0
#9 short-session-degree2-cap,oracle,1,0.111905,insufficient,2,0.833334,0.613332,14,0.454556,14,,
#9 short-session-degree2-cap,oracle,2,0.200000,insufficient,2,0.666667,0.647066,6,0.558589,8,0.488814,12
#9 short-session-degree2-cap,oracle,3,0.320238,insufficient,2,0.500000,0.640775,6,0.695740,8,0.664658,2
#9 short-session-degree2-cap,oracle,4,0.541904,insufficient,2,0.333334,0.688236,4,0.601148,10,0.664791,8
#9 short-session-degree2-cap,oracle,5,0.756348,high,2,0.125001,0.768645,6,0.631169,10,0.591191,8
#9 short-session-degree2-cap,oracle,6,0.756349,high,2,0.125001,0.793134,10,0.588548,14,0.829471,4
#9 short-session-degree2-cap,oracle,7,0.756349,high,2,0.125001,0.792895,10,0.590043,14,0.987040,0
#9 short-session-degree2-cap,oracle,8,0.756349,high,2,0.125001,0.792916,10,0.590162,14,0.986787,0
#9 short-session-degree2-cap,oracle,9,0.756349,high,2,0.125000,0.807711,6,0.620476,12,0.745747,6
#9 short-session-degree2-cap,oracle,10,0.756349,high,2,0.125000,0.797335,2,0.718460,10,0.766388,6
#9 short-session-degree2-cap,oracle,11,0.756349,high,2,0.125000,0.798947,2,0.720649,10,0.982884,0
#9 short-session-degree2-cap,oracle,12,0.756349,high,2,0.125000,0.815296,2,0.684242,8,0.777860,4
#9 short-session-degree2-cap,oracle,13,0.756349,high,2,0.125000,0.799699,2,0.663199,8,0.896184,2
#9 short-session-degree2-cap,oracle,14,0.756349,high,2,0.125000,0.789017,8,0.644526,10,0.802856,6
#9 short-session-degree2-cap,oracle,15,0.756349,high,2,0.125000,0.762095,4,0.683399,10,0.631313,8
#9 short-session-degree2-cap,oracle,16,0.758730,high,2,0.125000,0.760429,4,0.681549,10,0.985148,0
#9 short-session-degree2-cap,oracle,17,0.758730,high,2,0.125000,0.768558,4,0.765064,8,0.823183,2
#9 short-session-degree2-cap,oracle,18,0.758730,high,2,0.125000,0.761636,4,0.682818,8,0.823734,0
#9 short-session-degree2-cap,oracle,19,0.758730,high,2,0.125000,0.760429,4,0.681549,10,0.984602,2
#9 short-session-degree2-cap,oracle,20,0.763889,high,2,0.125000,0.768558,4,0.765064,8,0.823183,2
#9 short-session-degree2-cap,oracle,21,0.767857,high,2,0.125000,0.760865,4,0.681379,8,0.823657,0
#9 short-session-degree2-cap,oracle,22,0.769047,high,2,0.125000,0.833651,6,0.660251,10,0.644743,8
#9 short-session-degree2-cap,oracle,23,0.769047,high,2,0.125000,0.834063,6,0.659525,10,0.987962,0
#9 short-session-degree2-cap,oracle,24,0.773016,high,2,0.125000,0.698875,8,0.982478,2,0.659169,10
#9 short-session-degree2-cap,oracle,25,0.774206,high,2,0.125000,0.715251,4,0.796441,4,0.796440,6
#9 short-session-degree2-cap,oracle,26,0.776984,high,2,0.125000,0.698799,8,0.982379,2,0.796188,6
#9 short-session-degree2-cap,oracle,27,0.776984,high,2,0.125000,0.715692,4,0.796025,4,0.795469,6
#9 short-session-degree2-cap,oracle,28,0.776984,high,2,0.125000,0.737753,12,0.795709,6,0.720677,8
#9 short-session-degree2-cap,oracle,29,0.776984,high,2,0.125000,0.699850,8,0.983741,0,0.796383,6
#9 short-session-degree2-cap,oracle,30,0.794841,high,2,0.121528,0.698459,8,0.981960,0,0.983741,0
#10 dan-approximation,oracle,1,0.104833,insufficient,2,0.916588,0.489419,10,0.526795,6,,
#10 dan-approximation,oracle,2,0.144512,insufficient,2,0.833263,0.460865,14,0.525247,10,0.414062,12
#10 dan-approximation,oracle,3,0.194507,insufficient,2,0.749938,0.422607,14,0.530343,6,0.689624,8
#10 dan-approximation,oracle,4,0.271880,insufficient,2,0.666613,0.466656,14,0.540450,10,0.510463,8
#10 dan-approximation,oracle,5,0.342666,insufficient,2,0.576344,0.517160,18,0.589676,14,0.774855,8
#10 dan-approximation,oracle,6,0.370092,insufficient,2,0.548512,0.532257,12,0.612646,6,0.741425,12
#10 dan-approximation,oracle,7,0.389779,insufficient,2,0.520733,0.384338,16,0.474073,10,0.687357,6
#10 dan-approximation,oracle,8,0.403754,insufficient,2,0.492955,0.498843,16,0.548260,10,0.609069,10
#10 dan-approximation,oracle,9,0.406618,insufficient,2,0.465176,0.436260,18,0.552193,10,0.697909,4
#10 dan-approximation,oracle,10,0.422569,insufficient,2,0.451218,0.424341,14,0.507292,6,0.703368,4
#10 dan-approximation,oracle,11,0.439636,insufficient,2,0.437325,0.354714,14,0.454925,6,0.809200,4
#10 dan-approximation,oracle,12,0.456778,insufficient,2,0.423433,0.337026,16,0.433481,8,0.791228,6
#10 dan-approximation,oracle,13,0.463623,insufficient,2,0.415002,0.439706,16,0.495357,8,0.748193,2
#10 dan-approximation,oracle,14,0.466489,insufficient,2,0.406664,0.297110,16,0.398732,8,0.707075,2
#10 dan-approximation,oracle,15,0.471229,insufficient,2,0.400976,0.363449,18,0.440630,10,0.577115,4
#10 dan-approximation,oracle,16,0.476018,insufficient,2,0.400963,0.352639,14,0.451725,6,0.446292,8
#10 dan-approximation,oracle,17,0.476035,insufficient,2,0.400951,0.446156,14,0.540716,8,0.563212,6
#10 dan-approximation,oracle,18,0.483716,insufficient,2,0.400939,0.394920,16,0.492319,8,0.617905,6
#10 dan-approximation,oracle,19,0.492884,insufficient,2,0.400911,0.378767,14,0.470837,4,0.731590,8
#10 dan-approximation,oracle,20,0.495294,insufficient,2,0.400899,0.416245,16,0.489893,8,0.555558,8
#10 dan-approximation,oracle,21,0.495312,insufficient,2,0.400887,0.499837,16,0.529891,12,0.532465,10
#10 dan-approximation,oracle,22,0.495347,insufficient,2,0.400874,0.457238,12,0.562819,4,0.512432,10
#10 dan-approximation,oracle,23,0.495364,insufficient,2,0.400861,0.500226,16,0.583868,6,0.717144,6
#10 dan-approximation,oracle,24,0.542655,insufficient,2,0.331487,0.467521,12,0.569856,4,0.724786,6
#10 dan-approximation,oracle,25,0.542655,insufficient,2,0.331487,0.514329,14,0.604690,4,0.810354,4
#10 dan-approximation,oracle,26,0.542750,insufficient,2,0.331420,0.516140,14,0.611255,4,0.984166,0
#10 dan-approximation,oracle,27,0.542815,insufficient,2,0.331391,0.541981,14,0.614642,4,0.518803,6
#10 dan-approximation,oracle,28,0.543245,insufficient,2,0.331383,0.687194,14,0.750678,8,0.639958,8
#10 dan-approximation,oracle,29,0.546354,insufficient,2,0.331383,0.687396,14,0.750886,8,0.999673,0
#10 dan-approximation,oracle,30,0.546376,insufficient,2,0.331371,0.670353,12,0.762477,4,0.807629,6
#10 dan-approximation,oracle,31,0.546472,insufficient,2,0.331287,0.703443,14,0.727693,6,0.643096,10
#10 dan-approximation,oracle,32,0.546472,insufficient,2,0.331287,0.693158,12,0.758449,8,0.662060,10
#10 dan-approximation,oracle,33,0.546479,insufficient,2,0.331282,0.620485,16,0.721982,8,0.813962,4
#10 dan-approximation,oracle,34,0.547465,insufficient,2,0.331282,0.622047,14,0.716098,4,0.709486,8
#10 dan-approximation,oracle,35,0.549032,insufficient,2,0.331180,0.624293,14,0.719146,4,0.993693,0
#10 dan-approximation,oracle,36,0.550479,insufficient,2,0.331180,0.622952,14,0.718008,4,0.994196,0
#10 dan-approximation,oracle,37,0.550750,insufficient,2,0.331180,0.671476,14,0.766219,6,0.738950,6
#10 dan-approximation,oracle,38,0.564206,insufficient,2,0.331134,0.638820,12,0.748631,2,0.795809,6
#10 dan-approximation,oracle,39,0.569852,insufficient,2,0.331126,0.681144,14,0.791165,4,0.847694,2
#10 dan-approximation,oracle,40,0.666984,insufficient,2,0.275521,0.682687,14,0.788793,4,0.986480,0
#10 dan-approximation,oracle,41,0.666984,insufficient,2,0.275521,0.638820,14,0.745314,4,0.838188,4
#10 dan-approximation,oracle,42,0.687035,insufficient,2,0.260711,0.663533,14,0.787427,4,0.891497,2
#10 dan-approximation,oracle,43,0.687035,insufficient,2,0.260711,0.633322,16,0.715901,6,0.818374,4
#10 dan-approximation,oracle,44,0.692211,insufficient,2,0.255985,0.719129,14,0.790743,4,0.853955,6
#10 dan-approximation,oracle,45,0.697117,insufficient,2,0.255877,0.690645,14,0.771817,8,0.867647,4
#10 dan-approximation,oracle,46,0.698439,insufficient,2,0.255877,0.778546,12,0.848025,4,0.787023,4
#10 dan-approximation,oracle,47,0.757670,high,2,0.188356,0.716049,14,0.794200,4,0.788902,4
#10 dan-approximation,oracle,48,0.761608,high,2,0.188356,0.749152,10,0.807688,4,0.824555,8
#10 dan-approximation,oracle,49,0.761609,high,2,0.187976,0.713384,14,0.805307,2,0.840386,4
#10 dan-approximation,oracle,50,0.761619,high,2,0.187972,0.752268,12,0.858241,2,0.849935,2
#10 dan-approximation,oracle,51,0.783668,high,2,0.185480,0.770665,12,0.876533,0,0.856633,2
#10 dan-approximation,oracle,52,0.783740,high,2,0.185165,0.757998,12,0.842663,2,0.850905,2
#10 dan-approximation,oracle,53,0.783740,high,2,0.185165,0.745187,14,0.859914,6,0.888760,6
#10 dan-approximation,oracle,54,0.790396,high,2,0.182136,0.751100,12,0.859289,0,0.820555,6
#10 dan-approximation,oracle,55,0.790396,high,2,0.182136,0.752067,12,0.854523,4,0.814463,4
#10 dan-approximation,oracle,56,0.790413,high,2,0.182124,0.723201,10,0.835218,2,0.832303,4
#10 dan-approximation,oracle,57,0.790831,high,2,0.182124,0.748800,12,0.869943,2,0.856267,2
#10 dan-approximation,oracle,58,0.795979,high,2,0.179171,0.754964,12,0.855800,2,0.909219,2
#10 dan-approximation,oracle,59,0.797274,high,2,0.179163,0.771821,12,0.867531,2,0.949923,0
#10 dan-approximation,oracle,60,0.797558,high,2,0.177874,0.778334,12,0.865213,4,0.928281,4
#10 dan-approximation,oracle,61,0.803143,high,2,0.177869,0.787725,12,0.860223,2,0.867496,4
#10 dan-approximation,oracle,62,0.826478,high,2,0.159025,0.772483,14,0.879061,4,0.902759,6
#10 dan-approximation,oracle,63,0.827049,high,2,0.159019,0.789987,12,0.892429,0,0.882093,4
#10 dan-approximation,oracle,64,0.827049,high,2,0.159019,0.762530,12,0.867402,4,0.871036,4
#10 dan-approximation,oracle,65,0.827049,high,2,0.159019,0.761191,10,0.854609,2,0.852512,4
#10 dan-approximation,oracle,66,0.828080,high,2,0.159019,0.744226,12,0.862362,2,0.841039,2
#10 dan-approximation,oracle,67,0.828425,high,2,0.158821,0.746337,14,0.875829,4,0.881960,2
#10 dan-approximation,oracle,68,0.828425,high,2,0.158821,0.770805,12,0.873763,2,0.930750,2
#10 dan-approximation,oracle,69,0.830374,high,2,0.156058,0.753959,12,0.888196,2,0.945440,2
#10 dan-approximation,oracle,70,0.830374,high,2,0.156058,0.804222,12,0.896706,2,0.916415,0
#10 dan-approximation,oracle,71,0.832822,high,2,0.155886,0.797688,10,0.881244,2,0.928559,2
#10 dan-approximation,oracle,72,0.843221,high,2,0.151650,0.785212,12,0.907963,2,0.897500,2
#10 dan-approximation,oracle,73,0.851596,veryHigh,2,0.145297,0.779411,14,0.890603,4,0.933089,2
#10 dan-approximation,oracle,74,0.851596,veryHigh,2,0.145297,0.780939,14,0.882384,2,0.940677,2
#10 dan-approximation,oracle,75,0.852571,veryHigh,2,0.144784,0.772220,12,0.887549,2,0.902247,4
#10 dan-approximation,oracle,76,0.853121,veryHigh,2,0.144621,0.785240,10,0.903581,2,0.900025,2
#10 dan-approximation,oracle,77,0.879765,veryHigh,2,0.111803,0.751320,12,0.866447,2,0.928184,2
#10 dan-approximation,oracle,78,0.879799,veryHigh,3,0.111803,0.762027,12,0.856245,2,0.918028,0
#10 dan-approximation,oracle,79,0.879813,veryHigh,3,0.111679,0.822489,10,0.902307,4,0.823621,4
#10 dan-approximation,oracle,80,0.879813,veryHigh,3,0.111679,0.781422,12,0.913417,0,0.866325,4
#10 dan-approximation,oracle,81,0.882622,veryHigh,3,0.110034,0.781732,12,0.874036,2,0.893434,2
#10 dan-approximation,oracle,82,0.883041,veryHigh,3,0.109992,0.819895,10,0.922636,4,0.848779,6
#10 dan-approximation,oracle,83,0.883165,veryHigh,3,0.109992,0.794592,10,0.918342,2,0.905550,4
#10 dan-approximation,oracle,84,0.883884,veryHigh,3,0.109666,0.808204,12,0.961104,0,0.923011,2
#10 dan-approximation,oracle,85,0.884263,veryHigh,3,0.109313,0.823012,10,0.916807,2,0.929115,2
#10 dan-approximation,oracle,86,0.884650,veryHigh,3,0.109312,0.810918,10,0.925222,2,0.925597,0
#10 dan-approximation,oracle,87,0.884875,veryHigh,3,0.109240,0.805117,10,0.957511,2,0.934141,0
#10 dan-approximation,oracle,88,0.885162,veryHigh,3,0.109017,0.823787,12,0.919493,0,0.916958,2
#10 dan-approximation,oracle,89,0.885311,veryHigh,3,0.108960,0.811682,10,0.927387,2,0.893864,2
#10 dan-approximation,oracle,90,0.885715,veryHigh,3,0.108499,0.808163,12,0.999950,0,0.927387,2
A70,real,1,0.050063,insufficient,2,0.916588,,,0.485862,10,,
A70,real,2,0.106407,insufficient,2,0.777713,,,0.509588,16,0.866526,10
A70,real,3,0.192287,insufficient,2,0.652568,,,0.383441,12,0.386893,12
A70,real,4,0.342586,insufficient,2,0.491485,,,0.517605,16,0.351367,12
A70,real,5,0.433812,insufficient,2,0.351277,,,0.483918,8,0.574565,8
A70,real,6,0.433812,insufficient,2,0.351277,,,0.462836,12,0.481711,14
A70,real,7,0.433812,insufficient,2,0.351277,,,0.461506,12,0.992026,0
A70,real,8,0.675576,insufficient,2,0.205531,,,0.392500,12,0.762910,10
A70,real,9,0.722787,insufficient,2,0.159789,,,0.382162,12,0.816642,2
A70,real,10,0.722791,insufficient,2,0.159785,,,0.374375,10,0.862259,2
A70,real,11,0.722821,insufficient,2,0.159762,,,0.402425,12,0.918516,2
A70,real,12,0.722866,insufficient,2,0.159715,,,0.402869,12,0.992081,0
A70,real,13,0.722866,insufficient,2,0.159715,,,0.369678,12,0.917498,4
A70,real,14,0.722866,insufficient,2,0.159715,,,0.429773,10,0.851925,4
A70,real,15,0.722814,insufficient,2,0.159766,,,0.495771,16,0.428056,12
A70,real,16,0.723798,insufficient,2,0.159753,,,0.516919,14,0.856617,4
A70,real,17,0.723817,insufficient,2,0.159745,,,0.519202,12,0.569685,10
A70,real,18,0.723854,insufficient,2,0.159728,,,0.480077,10,0.596899,6
A70,real,19,0.723872,insufficient,2,0.159716,,,0.543199,10,0.645879,6
A70,real,20,0.723890,insufficient,2,0.159704,,,0.465382,10,0.512410,12
A70,real,21,0.737098,insufficient,2,0.159683,,,0.547812,8,0.713167,8
A70,real,22,0.737119,insufficient,2,0.159670,,,0.582619,14,0.863728,6
A70,real,23,0.738728,insufficient,2,0.159658,,,0.499258,8,0.634684,10
A70,real,24,0.743417,insufficient,2,0.156188,,,0.507606,12,0.633801,6
A70,real,25,0.743900,insufficient,2,0.156184,,,0.559924,12,0.733774,4
A70,real,26,0.752157,high,2,0.156171,,,0.585154,10,0.623369,8
A70,real,27,0.752159,high,2,0.156171,,,0.603917,6,0.672331,6
A70,real,28,0.752180,high,2,0.156159,,,0.627869,8,0.701660,6
A70,real,29,0.766069,high,2,0.152623,,,0.714620,8,0.589531,14
A70,real,30,0.767338,high,2,0.152623,,,0.723663,6,0.959007,2
A70,real,31,0.767669,high,2,0.152623,,,0.739059,8,0.857796,8
A70,real,32,0.767690,high,2,0.152611,,,0.584731,12,0.487125,16
A70,real,33,0.767690,high,3,0.152611,,,0.786660,8,0.560863,16
A70,real,34,0.767707,high,3,0.152598,,,0.683774,6,0.671560,12
A70,real,35,0.769007,high,3,0.152540,,,0.636373,4,0.701021,4
A70,real,36,0.769920,high,3,0.152515,,,0.637798,12,0.522799,10
A70,real,37,0.771508,high,3,0.152515,,,0.761043,8,0.691631,10
A70,real,38,0.772141,high,3,0.152515,,,0.694911,10,0.728246,10
A70,real,39,0.774062,high,3,0.152513,,,0.780793,6,0.716924,8
A70,real,40,0.776277,high,3,0.152513,,,0.591115,8,0.657151,4
A70,real,41,0.785456,high,3,0.152513,,,0.744440,10,0.648740,6
A70,real,42,0.788313,high,3,0.152504,,,0.696738,12,0.754970,10
A70,real,43,0.788351,high,3,0.152462,,,0.716400,8,0.709235,6
A70,real,44,0.796206,high,3,0.148996,,,0.675111,8,0.750735,4
A70,real,45,0.823464,high,3,0.145522,,,0.643013,10,0.889956,2
A70,real,46,0.824032,high,3,0.145522,,,0.697372,8,0.806041,2
A70,real,47,0.827535,high,4,0.144475,,,0.737091,8,0.811770,0
A70,real,48,0.827722,high,4,0.144475,,,0.740207,6,0.882959,4
A70,real,49,0.828438,high,4,0.144469,,,0.683954,6,0.786201,6
A70,real,50,0.830095,high,4,0.144469,,,0.666516,8,0.853812,2
A70,real,51,0.830095,high,4,0.144467,,,0.732234,6,0.750126,6
A70,real,52,0.844786,high,4,0.141165,,,0.797105,4,0.850768,4
A70,real,53,0.844786,high,4,0.141165,,,0.723755,4,0.849921,2
A70,real,54,0.851980,veryHigh,4,0.141064,,,0.801287,4,0.834715,2
A70,real,55,0.852115,veryHigh,4,0.141064,,,0.810966,8,0.822424,4
A70,real,56,0.852115,veryHigh,4,0.141064,,,0.677119,6,0.687806,6
A70,real,57,0.882174,veryHigh,5,0.120284,,,0.804231,6,0.804794,6
A70,real,58,0.882590,veryHigh,5,0.117848,,,0.841026,8,0.877331,4
A70,real,59,0.883193,veryHigh,5,0.116933,,,0.837530,8,0.986005,0
A70,real,60,0.883287,veryHigh,5,0.116924,,,0.784844,8,0.862785,4
A70,real,61,0.883287,veryHigh,5,0.116924,,,0.802854,8,0.907008,2
A70,real,62,0.890257,veryHigh,5,0.111186,,,0.833710,6,0.928141,4
A70,real,63,0.895615,veryHigh,5,0.109874,,,0.817026,8,0.923317,4
A70,real,64,0.895728,veryHigh,5,0.109831,,,0.817026,8,1.000000,0
A70,real,65,0.905063,veryHigh,6,0.100532,,,0.841529,8,0.922385,2
A70,real,66,0.905984,veryHigh,6,0.097046,,,0.844766,6,0.985100,2
A70,real,67,0.907740,veryHigh,6,0.094542,,,0.840926,6,0.987110,0
A70,real,68,0.918943,veryHigh,6,0.086412,,,0.951481,4,0.863467,6
A70,real,69,0.920422,veryHigh,6,0.084918,,,0.994698,0,0.948794,4
A70,real,70,0.920422,veryHigh,6,0.084918,,,0.999899,0,0.994698,0
B71,real,1,0.050063,insufficient,2,0.916588,,,0.454524,6,,
B71,real,2,0.104156,insufficient,2,0.805353,,,0.396433,8,0.867655,6
B71,real,3,0.184688,insufficient,2,0.694274,,,0.435535,14,0.641860,12
B71,real,4,0.321754,insufficient,2,0.527618,,,0.561805,10,0.618594,10
B71,real,5,0.396963,insufficient,2,0.395726,,,0.624962,10,0.510676,10
B71,real,6,0.675516,insufficient,2,0.205589,,,0.613379,6,0.607726,10
B71,real,7,0.675524,insufficient,2,0.205585,,,0.614677,6,0.991802,0
B71,real,8,0.675545,insufficient,2,0.205553,,,0.638106,4,0.909182,4
B71,real,9,0.675545,insufficient,2,0.205553,,,0.560172,8,0.568537,8
B71,real,10,0.718854,insufficient,2,0.159741,,,0.655371,8,0.587000,8
B71,real,11,0.718854,insufficient,2,0.159741,,,0.630457,10,0.747857,6
B71,real,12,0.718879,insufficient,2,0.159720,,,0.519850,8,0.612632,10
B71,real,13,0.718911,insufficient,2,0.159688,,,0.537764,12,0.772254,8
B71,real,14,0.756299,high,2,0.125036,,,0.607592,6,0.665440,12
B71,real,15,0.756299,high,2,0.125035,,,0.609087,8,0.831241,4
B71,real,16,0.757906,high,2,0.125023,,,0.608737,6,0.590878,8
B71,real,17,0.757936,high,2,0.125011,,,0.594315,8,0.381553,10
B71,real,18,0.757969,high,2,0.124998,,,0.719985,6,0.736169,8
B71,real,19,0.759578,high,2,0.124986,,,0.707347,12,0.807627,8
B71,real,20,0.759987,high,2,0.124977,,,0.606951,8,0.488213,10
B71,real,21,0.760084,high,2,0.124932,,,0.711650,8,0.519670,10
B71,real,22,0.760104,high,2,0.124915,,,0.672667,6,0.520420,10
B71,real,23,0.760135,high,2,0.124898,,,0.699445,6,0.796038,6
B71,real,24,0.760158,high,2,0.124886,,,0.618272,12,0.679846,12
B71,real,25,0.760188,high,2,0.124869,,,0.719670,8,0.585449,14
B71,real,26,0.760206,high,2,0.124869,,,0.755486,6,0.825352,2
B71,real,27,0.761024,high,2,0.124857,,,0.776610,6,0.632598,8
B71,real,28,0.761880,high,2,0.124844,,,0.748819,8,0.821186,4
B71,real,29,0.763462,high,3,0.124844,,,0.799146,2,0.714512,8
B71,real,30,0.779717,high,3,0.124836,,,0.881898,2,0.851521,2
B71,real,31,0.780513,high,3,0.124836,,,0.780073,2,0.780967,2
B71,real,32,0.784081,high,3,0.124832,,,0.844922,2,0.843727,2
B71,real,33,0.784878,high,3,0.124832,,,0.710225,6,0.708203,4
B71,real,34,0.790638,high,3,0.124821,,,0.882300,0,0.711202,6
B71,real,35,0.790638,high,3,0.124821,,,0.842555,4,0.865055,4
B71,real,36,0.794599,high,3,0.124821,,,0.843229,6,0.767282,8
B71,real,37,0.805409,high,3,0.124809,,,0.709486,4,0.682750,4
B71,real,38,0.820032,high,3,0.119037,,,0.870870,4,0.694109,4
B71,real,39,0.832872,high,3,0.115463,,,0.835147,4,0.866124,4
B71,real,40,0.835988,high,3,0.115463,,,0.864164,2,0.822826,4
B71,real,41,0.871645,veryHigh,3,0.100971,,,0.892909,2,0.890240,4
B71,real,42,0.874154,veryHigh,3,0.100480,,,0.876784,2,0.876727,4
B71,real,43,0.922667,veryHigh,3,0.063962,,,0.876052,2,0.821578,4
B71,real,44,0.924836,veryHigh,3,0.062949,,,0.894472,0,0.864997,2
B71,real,45,0.924932,veryHigh,3,0.062855,,,0.862513,2,0.842613,2
B71,real,46,0.926785,veryHigh,3,0.062189,,,0.887236,0,0.845829,2
B71,real,47,0.928784,veryHigh,3,0.061107,,,0.902211,0,0.953266,0
B71,real,48,0.941169,veryHigh,3,0.048997,,,0.904824,0,0.963015,0
B71,real,49,0.943630,veryHigh,3,0.047464,,,0.899643,0,0.965777,0
B71,real,50,0.946029,veryHigh,4,0.045690,,,0.910754,0,0.928489,0
B71,real,51,0.960492,veryHigh,4,0.034366,,,0.897387,0,0.913266,0
B71,real,52,0.960718,veryHigh,4,0.034221,,,0.916683,0,0.962412,0
B71,real,53,0.964578,veryHigh,4,0.031340,,,0.911457,0,0.982513,0
B71,real,54,0.966059,veryHigh,4,0.030238,,,0.923893,0,0.973442,0
B71,real,55,0.988394,veryHigh,4,0.010659,,,0.925427,0,0.985904,0
B71,real,56,0.989220,veryHigh,4,0.009990,,,0.926533,0,0.980804,0
B71,real,57,0.999947,veryHigh,4,0.000053,,,0.951256,0,0.949146,0
B71,real,58,0.999948,veryHigh,4,0.000052,,,0.948643,0,0.971055,0
B71,real,59,0.999948,veryHigh,4,0.000052,,,0.948643,0,1.000000,0
B71,real,60,0.999948,veryHigh,4,0.000052,,,0.948617,0,0.999975,0
B71,real,61,0.999948,veryHigh,4,0.000052,,,0.948617,0,0.999950,0
B71,real,62,0.999948,veryHigh,4,0.000052,,,0.948617,0,0.999950,0
B71,real,63,0.999955,veryHigh,4,0.000055,,,0.947437,0,0.998467,0
B71,real,64,0.999980,veryHigh,4,0.000024,,,0.950828,0,0.990728,0
B71,real,65,0.999962,veryHigh,4,0.000030,,,0.959799,0,0.972235,0
B71,real,66,0.999980,veryHigh,4,0.000017,,,0.959799,0,1.000000,0
B71,real,67,0.999980,veryHigh,4,0.000019,,,0.959497,0,0.995477,0
B71,real,68,0.999980,veryHigh,4,0.000019,,,0.959497,0,1.000000,0
B71,real,69,0.999980,veryHigh,4,0.000019,,,0.959497,0,1.000000,0
B71,real,70,0.999980,veryHigh,4,0.000019,,,0.959497,0,1.000000,0
B71,real,71,0.999977,veryHigh,4,0.000021,,,1.000000,0,0.959497,0
